tasks,scenario_seed,algorithm_seed,method,solution_sha256,source_record_sha256,stage1_status,stage1_qualified,stage2_status,stage2_qualified,original_stage2_qualified,stage2_replay_s,stage1_qualified_rate,both_stages_qualified_rate,stage1_energy_j,stage2_energy_j,normalized_mec_cpu,mean_delay_s,p95_delay_s,min_deadline_slack_s,offload_ratio,total_distance_m,contacts,cpu_stage2_minus_stage1,energy_stage2_minus_stage1_j,stage2_component_flight_j_j,stage2_component_collection_j_j,stage2_component_upload_hover_j_j,stage2_component_transmit_j_j,stage2_component_local_compute_j_j,original_initialization_s,original_search_s,original_resource_recompute_s,original_independent_audit_s,original_total_to_resources_s,original_total_with_audit_s,original_construction_search_s
30,46,100,B-ALNS,e5a1bf99fdf4c0c98735b0240d1a75008a4f521cb4ad18afe49375f32833efd3,addffead83c0d8c8ad62cf7c67710dbf127facb9aa5ca3404c518829123bd5df,optimal,False,skipped_unqualified_stage1,False,False,,0.0,0.0,,,,,,,,,,,,,,,,,0.007855753000001187,1.4279980060000028,3.5993056060000015,0.0019556679999936932,5.0351593650000055,5.037115032999999,1.435853759000004
30,46,100,ESI-ALNS,e5a1bf99fdf4c0c98735b0240d1a75008a4f521cb4ad18afe49375f32833efd3,9ef054f912e2c9ec826f01ee787a5dd22fb815dfaa5c5356072a1f570fb3b5a5,optimal,False,skipped_unqualified_stage1,False,False,,0.0,0.0,,,,,,,,,,,,,,,,,0.007855753000001187,3.781319756000009,3.621295435999997,0.0019003409999953647,7.410470945000007,7.412371286000003,3.7891755090000103
50,47,101,ESI-ALNS,6dc6c0e4f0ce3d314e7539f25d20009bc81ffb1d398facc7057c3747d852ce57,d2e0c58ee4079982cfa99963c7066c8e0480683ec177fdf095ff9cf3e36a275f,optimal,False,skipped_unqualified_stage1,False,False,,0.0,0.0,,,,,,,,,,,,,,,,,0.11888871600000073,15.354028178999997,4.390965567999999,0.003026611999999318,19.863882462999996,19.866909074999995,15.472916894999997
50,47,,GR-MR,2c14d2e2e3bb423e2e19addb3fbc6c61888a9bf442f4554b875aa39910bce2b2,762d59ea80f955eabdbb597cb2d06dbb77a9c53bde329214f0cec5edf5ca1760,infeasible_precheck,False,skipped_unqualified_stage1,False,False,,0.0,0.0,,,,,,,,,,,,,,,,,0.11888871600000073,0.0,0.00038474100000485123,5.321000003277732e-06,0.11927345700000558,0.11927877800000886,0.11888871600000073
60,45,,FTR-NM,ec5f26e87b59b8cf43723e2f75a44cd820ffad47e74d8a9266394bdecb62df3f,88a3b3d359bbcd81bb521a314d71025cb9284062414c98f9413c337ca02badf9,infeasible_precheck,False,skipped_unqualified_stage1,False,False,,0.0,0.0,,,,,,,,,,,,,,,,,0.09954982500001108,0.0,2.1409202259999986,5.440000002465695e-06,2.2404700510000097,2.240475491000012,0.09954982500001108
60,47,,GR-MR,3c7a3bd90e52a03291e60522976b972d06985e87a212467b8e621ffb7efb00ea,a1bb5e71c7ba41ad85b7b3664531217d27ed2b71bd81b6492c0c1f0e17175833,infeasible_precheck,False,skipped_unqualified_stage1,False,False,,0.0,0.0,,,,,,,,,,,,,,,,,0.26765057799999425,0.0,0.00039819999999224365,5.099999995650251e-06,0.2680487779999865,0.26805387799998215,0.26765057799999425
60,47,,FTR-NM,81817669c8658f2b645a1c5425ffad76d09b102cbce809aa723f00482d2d0085,aac912dff0d5f60c94e504ca7b0a1f8e9c6bb57be0ba7a0a01e29e42581c1b91,infeasible,False,skipped_unqualified_stage1,False,False,,0.0,0.0,,,,,,,,,,,,,,,,,0.1418023880000021,0.0,0.3870583930000038,6.2719999931459824e-06,0.5288607810000059,0.528867052999999,0.1418023880000021
60,47,102,RGA-MR,fdef5a2fa3016351cb52264ce67dc58a13989bca3bf806736d394d6f7178bcfd,8b54694a1a3fa1e54345e62a856d21e9df4f559c05d86903bd614a0e7c8cbbae,infeasible_precheck,False,skipped_unqualified_stage1,False,False,,0.0,0.0,,,,,,,,,,,,,,,,,0.0,23.722730858999995,0.0003394379999974717,4.729000011138851e-06,23.723070296999992,23.723075026000004,23.722730858999995
60,47,100,RGA-MR,f461f75a5dc67a7488deea89d5b34645e927a27af6fad8866eb57128258b7d89,f5641460f97e040af4ca15b0cc58847c03ec72021d02464df7f3274c50da5897,infeasible_precheck,False,skipped_unqualified_stage1,False,False,,0.0,0.0,,,,,,,,,,,,,,,,,0.0,27.358779951000002,0.0003587040000070374,4.899999993313031e-06,27.35913865500001,27.359143555000003,27.358779951000002
60,47,101,RGA-MR,ec458129d849d410e3e988ea4ff80822c156a1569939f78f2f7e8928817d95b7,93043f938a8f2ba6e602043137486e159a4ab712919e914500762215b9e43bdd,infeasible_precheck,False,skipped_unqualified_stage1,False,False,,0.0,0.0,,,,,,,,,,,,,,,,,0.0,23.45759804299999,0.0003293390000180807,4.4279999826812855e-06,23.45792738200001,23.45793180999999,23.45759804299999
60,50,102,B-ALNS,48a667a931541979cd104d95833e6ae9a551e3b9fc285439c21cb2199d19b4c6,cba1bd3f0f7a191941dc0df0f7304d1506c890de8b8bc829ec29c77effe0901a,optimal_inaccurate,False,skipped_unqualified_stage1,False,False,,0.0,0.0,,,,,,,,,,,,,,,,,0.30696407900001077,26.564338228999986,11.429163429999988,0.0029969699999981003,38.300465737999986,38.303462707999984,26.871302307999997
60,50,102,ESI-ALNS,48a667a931541979cd104d95833e6ae9a551e3b9fc285439c21cb2199d19b4c6,a346d6ddd8ce5101d6ef02658ebeaeccbb117bf5e97e439d28ebdfb2190c7cec,optimal_inaccurate,False,skipped_unqualified_stage1,False,False,,0.0,0.0,,,,,,,,,,,,,,,,,0.30696407900001077,33.77247099300001,11.734543583000004,0.0033055140000044503,45.81397865500003,45.81728416900003,34.079435072000024
60,51,,GR-MR,c5e80846a445356547c8f72e8b4b974f2f2062659828cbf99618cb229dafaea9,844bf065003d19395cf7a510c5974776ae36519a0f639933fc829c0f0e54e6a3,infeasible_precheck,False,skipped_unqualified_stage1,False,False,,0.0,0.0,,,,,,,,,,,,,,,,,0.18651877100000291,0.0,1.911299021000005,5.149999999787269e-06,2.097817792000008,2.0978229420000076,0.18651877100000291
60,51,101,RGA-MR,d56fee341e2b2e4368a0c7df165589d542aa50c6943e2eb20dff3f5e8375b14c,72b1984d7c2a1083162c387e52be33ea6bb977eb3e40ecd6be7a15f95a221615,infeasible_precheck,False,skipped_unqualified_stage1,False,False,,0.0,0.0,,,,,,,,,,,,,,,,,0.0,23.672524775,0.0003007130000014513,4.888999995955601e-06,23.672825488,23.672830376999997,23.672524775
60,51,,FTR-NM,b0cb9aa43bc36b9f6ce8559339ba64d4b05b609aeb0c696f1b6261005dd5f3fc,ae86bc5ec27f432698daab07a38f6b646fae532ebb3e15974ef11dccc63b7967,infeasible_precheck,False,skipped_unqualified_stage1,False,False,,0.0,0.0,,,,,,,,,,,,,,,,,0.11723403499999563,0.0,0.00022319800000047962,4.5689999979003915e-06,0.11745723299999611,0.11746180199999401,0.11723403499999563
60,51,100,RGA-MR,f8aa196a9b9ab118766442e15f2c348fc1a3d4d2eb10bcb6e082d9367338b848,bda6af0e7eddb823a9667d8699268d5522c6c3d93ef87c275e597892c30def10,infeasible_precheck,False,skipped_unqualified_stage1,False,False,,0.0,0.0,,,,,,,,,,,,,,,,,0.0,28.188562645999994,0.0003331039999920904,4.2579999899317045e-06,28.188895749999986,28.188900007999976,28.188562645999994
60,51,102,RGA-MR,e21e483fed6d882a253fcc087a9f4b75b8d8e16797aabcfe7e94c2de69ad9979,62f8b1d21b7e9bc6238435720b1fc158ef38cb18f8032f49b04131714066302f,infeasible_precheck,False,skipped_unqualified_stage1,False,False,,0.0,0.0,,,,,,,,,,,,,,,,,0.0,26.311720713,0.0003700429999753396,4.447999998546948e-06,26.312090755999975,26.312095203999974,26.311720713
70,45,,FTR-NM,c9f4c99c0b551af881a5bc49750f451ab1c2cbc0f792a6fc95a73414efa7f317,09a68a9a000edc257c8f149764a90ac1f939280093d8f72a4cfd0117e75e8ddd,infeasible_precheck,False,skipped_unqualified_stage1,False,False,,0.0,0.0,,,,,,,,,,,,,,,,,0.14420495699999236,0.0,2.0083290930000004,5.1410000025953195e-06,2.1525340499999928,2.1525391909999954,0.14420495699999236
70,45,101,RGA-MR,64c2a324d2d9f5eb4caddd3413f62148375723f3823580a3d51fa30d643262c4,7c9d1ede5ae8de74ff18cb03b3579a5013721801fd1a86f25f1b31be6459bf57,infeasible_precheck,False,skipped_unqualified_stage1,False,False,,0.0,0.0,,,,,,,,,,,,,,,,,0.0,24.885445013000002,0.00031884000000559354,5.261000012524164e-06,24.885763853000007,24.88576911400002,24.885445013000002
70,45,100,RGA-MR,5ccfcdac12021f1316bc88d69397c661a7d9e134278261a803d946c340190cd4,6661dff24a7e93b6da58f15c80ec5f1db5615860c7108800845037fd200b554d,infeasible_precheck,False,skipped_unqualified_stage1,False,False,,0.0,0.0,,,,,,,,,,,,,,,,,0.0,21.916747376000018,0.0003203809999945406,4.43400000449401e-06,21.917067757000012,21.917072191000017,21.916747376000018
70,45,,GR-MR,43c523bed8a8d72685f851701b24cd0f20c273bfab7969c2c8e89a9cb26c2faf,8b59fbd634e9de463d0419684976b1a48684541d0b082863b3a2db8df6862178,infeasible_precheck,False,skipped_unqualified_stage1,False,False,,0.0,0.0,,,,,,,,,,,,,,,,,0.20932573199999638,0.0,0.00046858299998575603,4.907000004550355e-06,0.20979431499998213,0.20979922199998668,0.20932573199999638
70,45,102,RGA-MR,5e27301da3ba4f77db4d449d7240f49179b3d8e9faef6284640e3ba7389e815a,e9d58db348eda6122fc7f42334466a124ca0e8b515cf9640bc7ec5db855390fa,infeasible_precheck,False,skipped_unqualified_stage1,False,False,,0.0,0.0,,,,,,,,,,,,,,,,,0.0,23.615961753000022,0.0003387960000225121,4.58200000252873e-06,23.616300549000044,23.616305131000047,23.615961753000022
70,47,102,RGA-MR,03e5cdb003893b27eee2bf474d1a72cb0b12ecfded9947a6e52cf9923a9d0c7b,59b3297f4e85e971e1a02ad14ec97e523f2d31c01e2a2890b9da94c27544cda4,infeasible_precheck,False,skipped_unqualified_stage1,False,False,,0.0,0.0,,,,,,,,,,,,,,,,,0.0,31.94537559500003,1.9400442460000136,6.070000040381274e-06,33.885419841000044,33.885425911000084,31.94537559500003
70,47,,GR-MR,03f9b540b3a5a66dd38d9c44a6a08a6abcb18a37c51d5f66f78f26a3dcaa06cc,d61cc5a9836275c8606f38369b6d54a6ed32e32b39d5940d58f640ab1fd291b1,infeasible_precheck,False,skipped_unqualified_stage1,False,False,,0.0,0.0,,,,,,,,,,,,,,,,,0.378949116000058,0.0,0.00047818999996707134,6.395000013981189e-06,0.37942730600002506,0.37943370100003904,0.378949116000058
70,47,,FTR-NM,141f9419aac7d875b7a53a52db003abe558fdc0b0e5a3ab0759fdb5508be7c86,8a5ffc34563eed565036a4df7977f7efc945d8a23f0d445d5d8650bc43067823,infeasible_precheck,False,skipped_unqualified_stage1,False,False,,0.0,0.0,,,,,,,,,,,,,,,,,0.23506370400002652,0.0,0.00023974200001930512,5.2139999979772256e-06,0.23530344600004582,0.2353086600000438,0.23506370400002652
70,47,101,RGA-MR,86db2f939ee9723a8d67496e4cc31e9de1aab5785c29d3f5afc70120d85da5ca,e8aabe547a1eb58671932d817cf99f2338458da9eeff5a790e3f7aeb20276a0e,infeasible_precheck,False,skipped_unqualified_stage1,False,False,,0.0,0.0,,,,,,,,,,,,,,,,,0.0,33.74115221699998,0.0003721879999147859,5.0929999133586534e-06,33.74152440499989,33.74152949799981,33.74115221699998
70,47,100,RGA-MR,f347098c8dc56d22561175fb91a138ef4c205322ddd858e6ea2782272a2b78cb,50fa101a83d2ba2a19d12f138a6aec7d8973e988173592b50b2b01db3fae6f86,infeasible_precheck,False,skipped_unqualified_stage1,False,False,,0.0,0.0,,,,,,,,,,,,,,,,,0.0,33.316632690999995,0.0003336730000000898,4.653000019061437e-06,33.316966363999995,33.316971017000014,33.316632690999995
70,49,101,RGA-MR,b040e9788977c6833ca2c8cf92bd939424626f7cac8ad2c753cf38bc7f25ae7c,a5e2852e63a83d878c7400443c90c638a04ec36128033218ea2bf300e6b808b4,infeasible,False,skipped_unqualified_stage1,False,False,,0.0,0.0,,,,,,,,,,,,,,,,,0.0,43.273763663,0.4491033049999942,6.532000014658479e-06,43.72286696799999,43.722873500000006,43.273763663
70,49,,FTR-NM,9192c6529857fc5c6c46b04a5d8c805ee784a39dfe3e58ad0f769c0d3ae6f809,47e0056c25294743cbebe42fd45e043c747b934804664be0bd6df5587d097c4d,infeasible_precheck,False,skipped_unqualified_stage1,False,False,,0.0,0.0,,,,,,,,,,,,,,,,,0.2286196059999881,0.0,0.00026683999999477237,4.288000013730198e-06,0.22888644599998287,0.2288907339999966,0.2286196059999881
70,49,100,RGA-MR,4fb73e380b90eabc8aae61e4b1d23921d3e338ecf23303fc8501918c941b95d6,1445af24fd40a7929638c68ccbc5dfdec6c4e1d1e24a6c86354c7216e2f8e3f9,infeasible,False,skipped_unqualified_stage1,False,False,,0.0,0.0,,,,,,,,,,,,,,,,,0.0,42.66110609699999,0.5118850949999967,6.533000004083078e-06,43.172991191999984,43.17299772499999,42.66110609699999
70,49,,GR-MR,17b26a2618f30bd5e357cdc3ae9825b0d7440e8fa91e8f396548f42b9237df8e,3cdadfa24a8ce39aba2b3531b16689af44db0368a6482425727eb550a54e54a7,infeasible,False,skipped_unqualified_stage1,False,False,,0.0,0.0,,,,,,,,,,,,,,,,,0.4537447849999978,0.0,0.43151231600000983,5.6300000039755105e-06,0.8852571010000077,0.8852627310000116,0.4537447849999978
70,49,102,RGA-MR,01c9f44cdbed2b5daa7b2c315e8b131d4a650d1ed3d4aea64886c66c9cec1086,774f059d3c5998a5207770a75f6616198916fb6b7e5436bba39ba23bdf2380be,infeasible,False,skipped_unqualified_stage1,False,False,,0.0,0.0,,,,,,,,,,,,,,,,,0.0,38.889619192000026,0.48218084399996997,5.399999963628943e-06,39.371800035999996,39.37180543599996,38.889619192000026
70,50,102,B-ALNS,217509de128be9bb806c65e666e692c06a526503f1fe4b13aa8eaf6c9f323992,0bdf0cee962643e6ca8c7d45e02fb1eb0101f7d5e7b45f0c97d97f7651e80fcc,optimal_inaccurate,False,skipped_unqualified_stage1,False,False,,0.0,0.0,,,,,,,,,,,,,,,,,0.3277363769999937,84.27837955799998,9.40642477099999,0.0024087269999881755,94.01254070599997,94.01494943299996,84.60611593499998
70,50,102,ESI-ALNS,217509de128be9bb806c65e666e692c06a526503f1fe4b13aa8eaf6c9f323992,d87f894bde0bcf6934b5ec9c09ffc48886215f75dbfc2464590bebc776c21e3e,optimal_inaccurate,False,skipped_unqualified_stage1,False,False,,0.0,0.0,,,,,,,,,,,,,,,,,0.3277363769999937,90.29424994300001,9.320595439999977,0.002352157000018451,99.94258175999998,99.944933917,90.62198632
70,50,101,B-ALNS,dd24fd20bc82d34cae64a708c4459dd958a162399033f1c1b1e6d565fd50c650,029760820afd74f2f6c41aa7567881035eb398d0d10160a91e7a55630733c3e7,optimal_inaccurate,False,skipped_unqualified_stage1,False,False,,0.0,0.0,,,,,,,,,,,,,,,,,0.3277363769999937,48.398647632999996,9.514838138000016,0.0025589040000113528,58.241222148000006,58.24378105200002,48.72638400999999
70,50,101,ESI-ALNS,dd24fd20bc82d34cae64a708c4459dd958a162399033f1c1b1e6d565fd50c650,a0f7ae3720947e2e9054cba0735799cce9ad8f0f45e4f733ac7f73f905ddaa4c,optimal_inaccurate,False,skipped_unqualified_stage1,False,False,,0.0,0.0,,,,,,,,,,,,,,,,,0.3277363769999937,54.42916501600001,9.386861146000001,0.0025063269999918703,64.14376253900001,64.146268866,54.75690139300001
70,51,101,RGA-MR,a280b74e934b82662840787faa76fe0eb3c66c98217e0cec75f293cd52b77bc3,9bb65e5e399bc8e28facca2fa2ef17624283ba82321c9f648cd5aba6013df951,infeasible,False,skipped_unqualified_stage1,False,False,,0.0,0.0,,,,,,,,,,,,,,,,,0.0,36.64169242499999,2.4734787400000187,7.953999983101312e-06,39.11517116500001,39.11517911899999,36.64169242499999
70,51,,GR-MR,dc675b50a3224ac3977b484b0ac26486820224e91c7a3bd29bf12c3bd24bcb61,5de58c5f1d0bf90fa0fdbaf493381f8591af954ef1b4eb1621c2951be44c8ea8,infeasible_precheck,False,skipped_unqualified_stage1,False,False,,0.0,0.0,,,,,,,,,,,,,,,,,0.39567796599999383,0.0,0.0004461639999817635,5.691000012575387e-06,0.3961241299999756,0.39612982099998817,0.39567796599999383
70,51,102,RGA-MR,f81b7cb188561e897a9faa3a9a404c7a89e5b0ba142d972b875f2a7c34e14466,411c9bb3b6fc9980ddbb6a74c49a2ade74cb48e5f6f641900a57f05e4bd78c71,infeasible_precheck,False,skipped_unqualified_stage1,False,False,,0.0,0.0,,,,,,,,,,,,,,,,,0.0,34.35713006500001,0.00032777300000930154,4.377999999860549e-06,34.357457838000016,34.357462216000016,34.35713006500001
70,51,100,RGA-MR,94b188bef78bfb919bd8806740d04a4b95265b009ec323e125db55ccd97a674d,0b22c2858252516cd5cd33d75e6267653135866d34b26b29acf1c6c6580198b0,infeasible_precheck,False,skipped_unqualified_stage1,False,False,,0.0,0.0,,,,,,,,,,,,,,,,,0.0,36.97013528299999,0.0002758150000090609,4.138000008424569e-06,36.970411098,36.97041523600001,36.97013528299999
70,51,,FTR-NM,54b94f0ca1ff23948aeb0e089550a2e862fddb3ce06c0def90ff727d88e16274,b49ec966cec0bf46ddb169f5f9c04d6a4c29b9dfdda319718627e419d981afd4,infeasible_precheck,False,skipped_unqualified_stage1,False,False,,0.0,0.0,,,,,,,,,,,,,,,,,0.19844063600000084,0.0,0.00023742399997672692,4.2579999899317045e-06,0.19867805999997756,0.1986823179999675,0.19844063600000084
70,52,102,RGA-MR,3ab0b0886c8c299274621628045647ccc4af29205720c3c9f67b07efd41bfe54,e311465bd49b16a869c6bb942bc99b8d5f30df7f8ec765459fe2821e514b760f,infeasible_precheck,False,skipped_unqualified_stage1,False,False,,0.0,0.0,,,,,,,,,,,,,,,,,0.0,26.470749246999986,0.00025558699999805867,4.496999991943085e-06,26.471004833999984,26.471009330999976,26.470749246999986
70,52,100,RGA-MR,f3ab4b0447acd5225d4eac060aa1562b8bc0e1c1df4529974fd11de5467d1e44,a1a9b455dddacc43b1ae8b7e8a5f0562ed6a4ddf71e4a56e32ea012d9c680726,infeasible_precheck,False,skipped_unqualified_stage1,False,False,,0.0,0.0,,,,,,,,,,,,,,,,,0.0,27.050910144,0.00025364399999716625,4.337000007126335e-06,27.051163787999997,27.051168125000004,27.050910144
70,52,,GR-MR,1f146b4019c07a4bf5e681dcdd64824c3ca357e0811c576cb49df6a1a450fed5,072cb862d2936d4ebb029d3d0f3fa120677649d16c1a62990fc6c49654ca315e,infeasible_precheck,False,skipped_unqualified_stage1,False,False,,0.0,0.0,,,,,,,,,,,,,,,,,0.290829892000005,0.0,0.00031378400001358386,3.3050000070034002e-06,0.29114367600001856,0.29114698100002556,0.290829892000005
70,52,101,RGA-MR,0537614079005a896ea5b0b8019150fb93afe36898765f2b3756906af5e42acb,676bc02c9d18ac446e657fc837f091e5c7afa40b7d6299ec94a98b2d7c70bf13,infeasible_precheck,False,skipped_unqualified_stage1,False,False,,0.0,0.0,,,,,,,,,,,,,,,,,0.0,28.818055694999998,0.00023960199999351062,4.46700002498801e-06,28.81829529699999,28.818299764000017,28.818055694999998
70,52,,FTR-NM,598b5bd51aa3f633f75587f32d467b73b4729789a587b277f4ecbc8d10a788a6,bd3d4212597553cb7005c0fb2719ffcd0601d388e88c0b93a116868ee0bc7f61,optimal_inaccurate,False,skipped_unqualified_stage1,False,False,,0.0,0.0,,,,,,,,,,,,,,,,,0.149108047999988,0.0,10.757915603999976,0.002506221000004416,10.907023651999964,10.909529872999968,0.149108047999988
80,45,100,RGA-MR,c290bbb9c78b7677d0d3a68f04680617abbf9b8e37859f04ff1f2e18331663ce,6d434ac06721309ec3b92ce67e5ea08329b0fbcddf35371bbb48e23f7ed5d543,infeasible_precheck,False,skipped_unqualified_stage1,False,False,,0.0,0.0,,,,,,,,,,,,,,,,,0.0,35.62468551699999,0.00038076900000305614,3.7270000063927e-06,35.62506628599999,35.625070013,35.62468551699999
80,45,101,RGA-MR,7964c50f808e2b22763f5c9c8107ee589890643a6d3d471b9e80a1f54bc1dc3e,068422ba4e920b509f1054704cef39637f1d2694dd6d74d4e725d3f6c7ad666f,infeasible_precheck,False,skipped_unqualified_stage1,False,False,,0.0,0.0,,,,,,,,,,,,,,,,,0.0,33.01724655700002,0.00038809299996955815,4.3779999714388396e-06,33.01763464999999,33.01763902799996,33.01724655700002
80,45,,GR-MR,e7d47b6875fecd880dcda948b44ffcd91d89dd89c36897e35e0b26f3e37f67c4,b58b281eeb1e90ffe861ebbce44760088a494089989681a29759aad001a0c44f,infeasible_precheck,False,skipped_unqualified_stage1,False,False,,0.0,0.0,,,,,,,,,,,,,,,,,0.5060194780000131,0.0,0.0005533600000262595,4.508000017722225e-06,0.5065728380000394,0.5065773460000571,0.5060194780000131
80,45,102,RGA-MR,02940be0437f76055530365c0ba632d580bf74074f63de7ed575c82df3abeb85,15a66850a9ac7ee9fb69a1f17b8ad9ff24d715f156398e356cd0c94cf8fe92cd,infeasible_precheck,False,skipped_unqualified_stage1,False,False,,0.0,0.0,,,,,,,,,,,,,,,,,0.0,36.49525112700002,0.00037244399999281086,4.327999988618103e-06,36.49562357100001,36.495627899,36.49525112700002
80,45,,FTR-NM,8c401039efa5abbe36e8b8016e4f0cc60731efee439eec40891103b150a22afc,193f4a6838a95ff3bb0e0887fbb36ad4a2f7c210f84e01086f5952c38ed72350,infeasible_precheck,False,skipped_unqualified_stage1,False,False,,0.0,0.0,,,,,,,,,,,,,,,,,0.2301013980000306,0.0,0.00029010999998035913,5.029999954331288e-06,0.23039150800001096,0.2303965379999653,0.2301013980000306
80,46,101,RGA-MR,72aa30590fb57a811ff44a37ea40c87efebba2c75b26102d9abe0c883eda0b32,1a5f1580067a74b91d436f02894f5e77b9a8228e8d17aeeded6b2963ced887f6,infeasible_precheck,False,skipped_unqualified_stage1,False,False,,0.0,0.0,,,,,,,,,,,,,,,,,0.0,38.172958265999995,1.9102156729999962,5.3189999960068235e-06,40.08317393899999,40.08317925799999,38.172958265999995
80,46,,FTR-NM,e122cabab3786eff8c672c62b1deb700743e65b3dc167e65e1653b8bc6b04bc4,53719e7f8b183ceff06549837f568ddc25a2d27dbc4c4e6ba65594625d4d649e,infeasible_precheck,False,skipped_unqualified_stage1,False,False,,0.0,0.0,,,,,,,,,,,,,,,,,0.36965895500001267,0.0,0.00031466699999782577,4.618999994931983e-06,0.3699736220000105,0.3699782410000054,0.36965895500001267
80,46,102,RGA-MR,30be933282e138f673a9922eea62f06fbd3f690b551a75231d341793742cc7df,f966ee3a68202022aaca829fd91ca722cae14331cd431940b67e4391bca327d8,infeasible_precheck,False,skipped_unqualified_stage1,False,False,,0.0,0.0,,,,,,,,,,,,,,,,,0.0,40.934635109,0.0003391039999911527,4.59900000748803e-06,40.93497421299999,40.934978812,40.934635109
80,46,,GR-MR,35452ac8c4734b9cf4ab31d86cb01baf2f27cfb0fc3e4b8885edb826ba8e9c84,e6aa39bb05dbae508c2d36ce9b2d09fc019c2d5d4a6aec9cf36f22d644881ec6,infeasible_precheck,False,skipped_unqualified_stage1,False,False,,0.0,0.0,,,,,,,,,,,,,,,,,0.4578004960000044,0.0,0.0005697750000308588,4.609000029631716e-06,0.45837027100003525,0.4583748800000649,0.4578004960000044
80,46,100,RGA-MR,c4585768fcecf7b0a730b1af4f09dc574a031091f0010e4f8c227ad0fe53bfd5,f5a88247263471ce9753870a78270d7b966675270de4e64bb3fcd8d7c983c539,infeasible_precheck,False,skipped_unqualified_stage1,False,False,,0.0,0.0,,,,,,,,,,,,,,,,,0.0,35.94724004,0.0003744500000379958,4.138000008424569e-06,35.947614490000035,35.94761862800004,35.94724004
80,47,100,RGA-MR,8dc20e5e9f8b4053ffc73f664b7e95c7753e34194c8c2800e43fee3689cd7bb6,14ced6a2ad5838f99acd51b49ee6d511017c7f676f87df4ec1150dad1f011784,infeasible,False,skipped_unqualified_stage1,False,False,,0.0,0.0,,,,,,,,,,,,,,,,,0.0,35.382374152,2.529087481000005,8.264999991069999e-06,37.911461633,37.91146989799999,35.382374152
80,47,,FTR-NM,f54d24c3d455dac51dd537f81424f21e4232dc8b743f5ceabc0d8b5c95695749,f85bbb83f7c6c0d8aac8e5233733aac1121fbc985d0c9cf1fbc12c97fbbb6136,infeasible_precheck,False,skipped_unqualified_stage1,False,False,,0.0,0.0,,,,,,,,,,,,,,,,,0.24077585899999576,0.0,0.0002821480000250176,5.030000011174707e-06,0.24105800700002078,0.24106303700003195,0.24077585899999576
80,47,102,RGA-MR,db67b97da99a715422c7163ede963a836b890aeead087d932564998d185429eb,e4def6b71f67a17a33a36bed85782bd8b91d685f6ab50102ee742a8cefc305a9,infeasible,False,skipped_unqualified_stage1,False,False,,0.0,0.0,,,,,,,,,,,,,,,,,0.0,42.816988450999986,0.4999907739999969,6.9030000133807334e-06,43.31697922499998,43.316986127999996,42.816988450999986
80,47,101,RGA-MR,3a45805f04a7adfa637c5a66bb91ae83d81e91692a938f235efcc3c357b4501f,bcfba945c6a35bfca7498bb1b4f93ba121a22016fd10314be52ee2e70ebf27c6,infeasible,False,skipped_unqualified_stage1,False,False,,0.0,0.0,,,,,,,,,,,,,,,,,0.0,38.78994229599999,0.511804632999997,7.964000019455852e-06,39.30174692899999,39.30175489300001,38.78994229599999
80,47,,GR-MR,cc1df67c7d6c923c5d654cfdae636074fd645f78a8cde0b04607c3180b5b1d7e,f85399cce7a76762a41a6cebebb32c6c543f221c96136787ce2c945c3a27429d,infeasible,False,skipped_unqualified_stage1,False,False,,0.0,0.0,,,,,,,,,,,,,,,,,0.43411090200000046,0.0,0.5851542089999953,7.694000032643089e-06,1.0192651109999957,1.0192728050000284,0.43411090200000046
80,48,102,RGA-MR,52dda1a8269f723f30e2f94f18d9aa471294e6c306c8068cc89440ed98445251,f15ec4d96819e81a6baf92f1705ddc379243828fbd38f0527f500a31d7818b72,infeasible_precheck,False,skipped_unqualified_stage1,False,False,,0.0,0.0,,,,,,,,,,,,,,,,,0.0,59.36093309399999,0.00036051199998610173,4.648000015095022e-06,59.361293605999975,59.36129825399999,59.36093309399999
80,48,100,RGA-MR,f89968d058cd9dab4523dcbe62aff8e889de918f6f33cacca28e8048f0b9d852,588d520e268f5861e3e26a66287d6ff85503b4735cd76f11a4f822ad0c059f63,infeasible_precheck,False,skipped_unqualified_stage1,False,False,,0.0,0.0,,,,,,,,,,,,,,,,,0.0,51.605411247000006,0.00039147000001094057,4.567999951632373e-06,51.60580271700002,51.60580728499997,51.605411247000006
80,48,101,RGA-MR,b1efe9eb65224300ff456fa37208f1ef01784eb7c85d997be72ccb26c3f191ea,c676b6e82a94d1c0dbb63383a3289ccde302d033c9d514a9b7a56ba355eface9,infeasible_precheck,False,skipped_unqualified_stage1,False,False,,0.0,0.0,,,,,,,,,,,,,,,,,0.0,54.13198643999999,0.0003870919999826583,4.337000007126335e-06,54.132373531999974,54.13237786899998,54.13198643999999
80,48,,FTR-NM,33b78e0801e49aff37fb1311c8989a3dec0d369419759cc83456ca64f1b875f4,f915be3fc8abd424ec9c944bdb3c738bf1191fdc19028f7844ae0efc2ecaacec,infeasible_precheck,False,skipped_unqualified_stage1,False,False,,0.0,0.0,,,,,,,,,,,,,,,,,0.33142377899996234,0.0,0.0002972739999904661,4.4689999754155e-06,0.3317210529999528,0.3317255219999282,0.33142377899996234
80,48,,GR-MR,8e4caa63e08598946741fca247c80ba5ae24f7e43226880186f64770927a0119,6203618f7cc8101aa83a923c8def9ce63b95b520db528ed2c72d72508c81631c,infeasible_precheck,False,skipped_unqualified_stage1,False,False,,0.0,0.0,,,,,,,,,,,,,,,,,0.5999624389999951,0.0,0.0005325440000092385,4.729000011138851e-06,0.6004949830000044,0.6004997120000155,0.5999624389999951
80,49,100,B-ALNS,68a77786fcbef657271d951308b23f374015fd622db8d39032acb809aa600175,f5e9d8182e0360af174379906c08c6de517a42aaabd90f075b6bd3bc56455170,optimal_inaccurate,False,skipped_unqualified_stage1,False,False,,0.0,0.0,,,,,,,,,,,,,,,,,0.2824544219999723,57.81610655399999,11.622635808999974,0.0034329829999819594,69.72119678499993,69.72462976799991,58.09856097599996
80,49,100,ESI-ALNS,68a77786fcbef657271d951308b23f374015fd622db8d39032acb809aa600175,a41ad3f1e94b1c2ec462b8a9122ffcf71ed98ec2ad6b2185b3eef917f9a00123,optimal_inaccurate,False,skipped_unqualified_stage1,False,False,,0.0,0.0,,,,,,,,,,,,,,,,,0.2824544219999723,65.36675279399998,11.724636062000002,0.0029442200000175944,77.37384327799995,77.37678749799997,65.64920721599995
80,50,,FTR-NM,b9d0246635f80c62a22751a4677ef25bd510d8f7ee07940adfed8f6cf325f9f7,468f5564eed178669b8ec5feeae374f49bb4cfee6adb0ef71f44c89d7ef054e2,infeasible_precheck,False,skipped_unqualified_stage1,False,False,,0.0,0.0,,,,,,,,,,,,,,,,,0.2804263759999941,0.0,0.00017962300000817777,3.605000017614657e-06,0.28060599900000227,0.2806096040000199,0.2804263759999941
80,50,101,RGA-MR,603ca8fb4561db6c4505e6a3de6a8337de2d4e14ac3502c31526700e436d69f1,d54d55719b9ca22c202dca52bd5c2394c8e5ac272e4c5d698b03f9c6e1290228,infeasible_precheck,False,skipped_unqualified_stage1,False,False,,0.0,0.0,,,,,,,,,,,,,,,,,0.0,27.186352717000005,0.0002561179999815977,3.7949999978081905e-06,27.186608834999987,27.186612629999985,27.186352717000005
80,50,102,RGA-MR,1797182724234247ac4e8272d5e8eeff76c194011042f7ca44d999fc9fe007ed,6ef7efa12a7854d53d75badb207652c96da19bb3e203364eaad36dc1a5cbf2d6,infeasible_precheck,False,skipped_unqualified_stage1,False,False,,0.0,0.0,,,,,,,,,,,,,,,,,0.0,25.830157224000004,0.0002571399999737878,3.395000021555461e-06,25.830414363999978,25.830417759,25.830157224000004
80,50,100,RGA-MR,3daffdd73c498df200706cad996fce5765c249b376a42f3feb5f19967d4c93b7,0b6fa512cded5febc5f34b9adb6f254b16292b7a4077ac1c52261debf9e93b5f,infeasible_precheck,False,skipped_unqualified_stage1,False,False,,0.0,0.0,,,,,,,,,,,,,,,,,0.0,23.801595049000014,0.00026158700001133184,3.915999997161634e-06,23.801856636000025,23.801860552000022,23.801595049000014
80,50,,GR-MR,8dcdd009ba039e48e91a7dd898d1111a0e250e8d9c22db55595efc642d641c2f,8c42ab9497e87d030d8d4cc1d715bb124a3e0ebe08f19af3f298a74804f9f449,infeasible_precheck,False,skipped_unqualified_stage1,False,False,,0.0,0.0,,,,,,,,,,,,,,,,,0.4823238529999969,0.0,0.0003098599999873386,3.9260000050944655e-06,0.48263371299998425,0.48263763899998935,0.4823238529999969
80,51,,FTR-NM,e13ee03967bd2d8cefc455586ea82e8dfbaf8aa4b85252f049ad9ae0bdb3a5ad,fe135d3b81e11a799e365ab4331de04343def34dc9d19af7df5f6ae90e059b05,infeasible_precheck,False,skipped_unqualified_stage1,False,False,,0.0,0.0,,,,,,,,,,,,,,,,,0.25593333699997345,0.0,0.00023626800000897674,4.055999994534432e-06,0.2561696049999824,0.25617366099997696,0.25593333699997345
80,51,100,RGA-MR,c905a2a9f85a1e5bd8afb94c7b3148e8ec24535f3d4545c2f129f37b439251ae,04e0f3783fa882c2fea785fa388bf04e3d6f05b22b12e5ad2779de57384bb31c,infeasible,False,skipped_unqualified_stage1,False,False,,0.0,0.0,,,,,,,,,,,,,,,,,0.0,27.41708104,0.3363509289999911,5.969000000050073e-06,27.75343196899999,27.75343793799999,27.41708104
80,51,,GR-MR,23b49b824aeadbd814a770d33f1b2d96eda19a991d3050d8e9c3151c9422d401,8e44505e5398f821dc5541d8d74b02c7e1d0092974c9d6a3abd192f7d367bb6b,infeasible,False,skipped_unqualified_stage1,False,False,,0.0,0.0,,,,,,,,,,,,,,,,,0.45184785600000055,0.0,0.4109897459999843,6.469999988212294e-06,0.8628376019999848,0.862844071999973,0.45184785600000055
80,51,102,RGA-MR,7ea88f9f209f40d18d0991050de8518e79b094261b5b5cb28e5a8e7438c1e61c,2c64794daea7bb14c3444abbf7c1337e823641c7e3015684ead611d3b676bb5d,infeasible_precheck,False,skipped_unqualified_stage1,False,False,,0.0,0.0,,,,,,,,,,,,,,,,,0.0,34.89514402099999,0.00031730099999549566,4.1060000057768775e-06,34.89546132199999,34.895465427999994,34.89514402099999
80,51,101,RGA-MR,1e9cb77c37913ab65b056c23dc95fe6be2a288c991fabfb72dc2aff1c53372b5,c063bb1342d056cb3791cf4593f43e9e847780d60bd10a3d616a4452a6b4a6bb,infeasible_precheck,False,skipped_unqualified_stage1,False,False,,0.0,0.0,,,,,,,,,,,,,,,,,0.0,31.954379434000003,0.0002640799999937826,4.256000011082506e-06,31.954643513999997,31.954647770000008,31.954379434000003
80,52,102,RGA-MR,7a50334680ce2b80d93613627a924c856c196cbff1ade2cd74bb534f7f1d7ea8,f2acecc99a7db84d263a2dee6c49d97a5da53d0c0b8c1d5313281d08f9ad0d64,infeasible_precheck,False,skipped_unqualified_stage1,False,False,,0.0,0.0,,,,,,,,,,,,,,,,,0.0,45.897711519000005,1.945376459000002,5.059999992340636e-06,47.84308797800001,47.843093038,45.897711519000005
80,52,101,RGA-MR,03d5a56e6b6ceb723de797d2c96debc5193a384cb51bde1412fb375cbf9df2ad,8840e261e9df44362ba23039c5c4dd1b7c643fbb1da4f6f37b2ba205f92b258a,infeasible_precheck,False,skipped_unqualified_stage1,False,False,,0.0,0.0,,,,,,,,,,,,,,,,,0.0,48.545085865000004,0.0004216659999940475,5.279000021118918e-06,48.545507531,48.54551281000002,48.545085865000004
80,52,100,RGA-MR,f30d40b408bf9d5cd4fe1d734fdd2d8c9018d7c9dca8b0e3232816c4b21f799a,284baeecda62f3f81024b5fa13bf772b7491c306366599ce55450f65028ed0bb,infeasible_precheck,False,skipped_unqualified_stage1,False,False,,0.0,0.0,,,,,,,,,,,,,,,,,0.0,42.954417293000006,0.00041398099997991267,4.458000006479779e-06,42.954831273999986,42.95483573199999,42.954417293000006
80,52,,FTR-NM,d86066f9b22f38889bb580b8749ed7d7386aa245d929666b64167cbd2aacdec8,f69465e7be716770fdb48c35deb503daba4558fa28390ca29ca0ee20a1285cae,infeasible_precheck,False,skipped_unqualified_stage1,False,False,,0.0,0.0,,,,,,,,,,,,,,,,,0.3584702429999993,0.0,0.00032826300000010633,5.018999985395567e-06,0.3587985059999994,0.3588035249999848,0.3584702429999993
80,52,102,B-ALNS,4b6534f58007be9040971ab7119261de1a22289c70be24d507972d60828975e2,51e4ed9471b4b43de4ff1565d52fb0cbf994c0e93a13490d32d995c28116e954,infeasible_precheck,False,skipped_unqualified_stage1,False,False,,0.0,0.0,,,,,,,,,,,,,,,,,0.7645176729999932,42.640684929,0.0003200269999865668,3.988000003118941e-06,43.40552262899998,43.405526616999985,43.405202601999996
80,52,102,ESI-ALNS,4b6534f58007be9040971ab7119261de1a22289c70be24d507972d60828975e2,7658511531f3de6b504ae0eedacaddb3c0235bb0c1b3f5afc77f9d31e53476ce,infeasible_precheck,False,skipped_unqualified_stage1,False,False,,0.0,0.0,,,,,,,,,,,,,,,,,0.7645176729999932,42.64325038300001,0.0004019600000049195,3.97799999518611e-06,43.40817001600001,43.408173994,43.407768056
80,52,100,B-ALNS,627461225bbb580ced773b37bc7a8c43a35e6ecfdf936dfd20424d85e410994f,85bcb583d359f11597ff8cbba3bac99f5d4334981c3b15b695df6b56cffaef73,infeasible_precheck,False,skipped_unqualified_stage1,False,False,,0.0,0.0,,,,,,,,,,,,,,,,,0.7645176729999932,37.375750686,0.00032876200003784106,4.016999980649416e-06,38.140597121000035,38.140601138000015,38.140268359
80,52,100,ESI-ALNS,627461225bbb580ced773b37bc7a8c43a35e6ecfdf936dfd20424d85e410994f,fce39a5956e066ec2d175e4c4820ca84f6ba9437e57c1d17a5c54575a7579f58,infeasible_precheck,False,skipped_unqualified_stage1,False,False,,0.0,0.0,,,,,,,,,,,,,,,,,0.7645176729999932,37.37907923199998,0.00046474700002363534,3.907000007075112e-06,38.144061652,38.144065559000005,38.143596904999974
80,52,,GR-MR,74a95d657030b0bc8250d89701586bc80b4c8a8c6bb717596784183f944ce889,5f1bbbfa8e2820c670a6746d2aa9136fc0d0f31a84d488966bc1370ef2b13ce8,infeasible_precheck,False,skipped_unqualified_stage1,False,False,,0.0,0.0,,,,,,,,,,,,,,,,,0.7645176729999932,0.0,0.0005706540000005589,3.787000025567977e-06,0.7650883269999937,0.7650921140000193,0.7645176729999932
