figure,scope,tasks,method,source_metric,scale_factor,mean,ci_low,ci_high,run_equal_mean,valid_observations,expected_observations,independent_scenarios,observation_unit,interval
fig01_energy_common,common,30,GR-MR,stage1_energy_j,0.001,195.0413179654758,186.21614431234326,203.8664916186083,195.56831930694713,23,24,8,matched_seed_blocks,descriptive_95_percent_scenario_bootstrap
fig01_energy_common,common,40,GR-MR,stage1_energy_j,0.001,210.50145020226628,202.61709539059677,219.27615500165734,210.50145020226626,24,24,8,matched_seed_blocks,descriptive_95_percent_scenario_bootstrap
fig01_energy_common,common,50,GR-MR,stage1_energy_j,0.001,226.4492785790311,221.76710967511573,231.10503785602035,226.44927857903113,21,24,7,matched_seed_blocks,descriptive_95_percent_scenario_bootstrap
fig01_energy_common,common,60,GR-MR,stage1_energy_j,0.001,227.78744724866445,221.77220262572308,233.80269187160576,228.03495582702325,14,24,5,matched_seed_blocks,descriptive_95_percent_scenario_bootstrap
fig01_energy_common,common,70,GR-MR,stage1_energy_j,0.001,246.87167119825259,243.8240777917188,249.4529461785463,246.738437362184,7,24,3,matched_seed_blocks,descriptive_95_percent_scenario_bootstrap
fig01_energy_common,common,80,GR-MR,stage1_energy_j,0.001,262.76234853923796,,,262.76234853923796,2,24,1,matched_seed_blocks,not_estimated_n1
fig01_energy_common,common,30,FTR-NM,stage1_energy_j,0.001,195.0413179654758,186.21614431234326,203.8664916186083,195.56831930694713,23,24,8,matched_seed_blocks,descriptive_95_percent_scenario_bootstrap
fig01_energy_common,common,40,FTR-NM,stage1_energy_j,0.001,210.5148948600102,202.6296960320925,219.29830877045646,210.51489486001017,24,24,8,matched_seed_blocks,descriptive_95_percent_scenario_bootstrap
fig01_energy_common,common,50,FTR-NM,stage1_energy_j,0.001,227.53354838567975,221.91659821924523,233.93148310804781,227.53354838567975,21,24,7,matched_seed_blocks,descriptive_95_percent_scenario_bootstrap
fig01_energy_common,common,60,FTR-NM,stage1_energy_j,0.001,231.14566555926567,225.831091963763,236.46023915476835,231.1154657959607,14,24,5,matched_seed_blocks,descriptive_95_percent_scenario_bootstrap
fig01_energy_common,common,70,FTR-NM,stage1_energy_j,0.001,253.86202491897765,250.00903386443613,260.83307556708843,254.75289908856888,7,24,3,matched_seed_blocks,descriptive_95_percent_scenario_bootstrap
fig01_energy_common,common,80,FTR-NM,stage1_energy_j,0.001,258.42980898600814,,,258.42980898600814,2,24,1,matched_seed_blocks,not_estimated_n1
fig01_energy_common,common,30,RGA-MR,stage1_energy_j,0.001,192.71404939694696,184.25970351785588,201.2406275042218,193.13986514848227,23,24,8,matched_seed_blocks,descriptive_95_percent_scenario_bootstrap
fig01_energy_common,common,40,RGA-MR,stage1_energy_j,0.001,210.24920253648537,202.30387800147588,219.09666908377497,210.24920253648537,24,24,8,matched_seed_blocks,descriptive_95_percent_scenario_bootstrap
fig01_energy_common,common,50,RGA-MR,stage1_energy_j,0.001,226.14855699533499,221.34600290259814,230.9596390273092,226.14855699533493,21,24,7,matched_seed_blocks,descriptive_95_percent_scenario_bootstrap
fig01_energy_common,common,60,RGA-MR,stage1_energy_j,0.001,227.7567446318296,221.71079739205345,233.80269187160576,228.00206016612879,14,24,5,matched_seed_blocks,descriptive_95_percent_scenario_bootstrap
fig01_energy_common,common,70,RGA-MR,stage1_energy_j,0.001,246.41765516393167,243.8240777917188,248.09089807558354,246.15470246091425,7,24,3,matched_seed_blocks,descriptive_95_percent_scenario_bootstrap
fig01_energy_common,common,80,RGA-MR,stage1_energy_j,0.001,262.76234853923796,,,262.76234853923796,2,24,1,matched_seed_blocks,not_estimated_n1
fig01_energy_common,common,30,B-ALNS,stage1_energy_j,0.001,119.2713761051734,112.7142903520501,124.681945178287,118.98589968833608,23,24,8,matched_seed_blocks,descriptive_95_percent_scenario_bootstrap
fig01_energy_common,common,40,B-ALNS,stage1_energy_j,0.001,139.44573215553262,131.67486214321002,148.28393892182558,139.44573215553262,24,24,8,matched_seed_blocks,descriptive_95_percent_scenario_bootstrap
fig01_energy_common,common,50,B-ALNS,stage1_energy_j,0.001,164.12130987097885,156.33495701838586,171.6395978451011,164.12130987097882,21,24,7,matched_seed_blocks,descriptive_95_percent_scenario_bootstrap
fig01_energy_common,common,60,B-ALNS,stage1_energy_j,0.001,175.59036292928138,171.13745647425011,180.65134113602218,175.86130950689028,14,24,5,matched_seed_blocks,descriptive_95_percent_scenario_bootstrap
fig01_energy_common,common,70,B-ALNS,stage1_energy_j,0.001,206.52132800324154,203.3413436901221,210.88465733806413,206.85942658087103,7,24,3,matched_seed_blocks,descriptive_95_percent_scenario_bootstrap
fig01_energy_common,common,80,B-ALNS,stage1_energy_j,0.001,210.17520268101194,,,210.17520268101194,2,24,1,matched_seed_blocks,not_estimated_n1
fig01_energy_common,common,30,ESI-ALNS,stage1_energy_j,0.001,118.85469458947311,111.56313849466211,124.66453215616353,118.55175223111115,23,24,8,matched_seed_blocks,descriptive_95_percent_scenario_bootstrap
fig01_energy_common,common,40,ESI-ALNS,stage1_energy_j,0.001,139.15496193778222,131.55708953901643,147.87590484904496,139.15496193778222,24,24,8,matched_seed_blocks,descriptive_95_percent_scenario_bootstrap
fig01_energy_common,common,50,ESI-ALNS,stage1_energy_j,0.001,161.77334270539694,155.09773132454552,168.7087736262771,161.7733427053969,21,24,7,matched_seed_blocks,descriptive_95_percent_scenario_bootstrap
fig01_energy_common,common,60,ESI-ALNS,stage1_energy_j,0.001,175.3680214125864,171.01465454783238,180.45365345407916,175.6318111532764,14,24,5,matched_seed_blocks,descriptive_95_percent_scenario_bootstrap
fig01_energy_common,common,70,ESI-ALNS,stage1_energy_j,0.001,203.10296708696944,200.57766487377984,207.19927169095902,203.82448200502364,7,24,3,matched_seed_blocks,descriptive_95_percent_scenario_bootstrap
fig01_energy_common,common,80,ESI-ALNS,stage1_energy_j,0.001,209.9239837846604,,,209.9239837846604,2,24,1,matched_seed_blocks,not_estimated_n1
fig02_qualification,conditional,30,GR-MR,both_stages_qualified_rate,100,100.0,100.0,100.0,100.0,8,8,8,actual_method_runs,descriptive_95_percent_scenario_bootstrap
fig02_qualification,conditional,40,GR-MR,both_stages_qualified_rate,100,100.0,100.0,100.0,100.0,8,8,8,actual_method_runs,descriptive_95_percent_scenario_bootstrap
fig02_qualification,conditional,50,GR-MR,both_stages_qualified_rate,100,87.5,62.5,100.0,87.5,8,8,8,actual_method_runs,descriptive_95_percent_scenario_bootstrap
fig02_qualification,conditional,60,GR-MR,both_stages_qualified_rate,100,75.0,37.5,100.0,75.0,8,8,8,actual_method_runs,descriptive_95_percent_scenario_bootstrap
fig02_qualification,conditional,70,GR-MR,both_stages_qualified_rate,100,37.5,12.5,75.0,37.5,8,8,8,actual_method_runs,descriptive_95_percent_scenario_bootstrap
fig02_qualification,conditional,80,GR-MR,both_stages_qualified_rate,100,12.5,0.0,37.5,12.5,8,8,8,actual_method_runs,descriptive_95_percent_scenario_bootstrap
fig02_qualification,conditional,30,FTR-NM,both_stages_qualified_rate,100,100.0,100.0,100.0,100.0,8,8,8,actual_method_runs,descriptive_95_percent_scenario_bootstrap
fig02_qualification,conditional,40,FTR-NM,both_stages_qualified_rate,100,100.0,100.0,100.0,100.0,8,8,8,actual_method_runs,descriptive_95_percent_scenario_bootstrap
fig02_qualification,conditional,50,FTR-NM,both_stages_qualified_rate,100,100.0,100.0,100.0,100.0,8,8,8,actual_method_runs,descriptive_95_percent_scenario_bootstrap
fig02_qualification,conditional,60,FTR-NM,both_stages_qualified_rate,100,62.5,25.0,87.5,62.5,8,8,8,actual_method_runs,descriptive_95_percent_scenario_bootstrap
fig02_qualification,conditional,70,FTR-NM,both_stages_qualified_rate,100,37.5,12.5,75.0,37.5,8,8,8,actual_method_runs,descriptive_95_percent_scenario_bootstrap
fig02_qualification,conditional,80,FTR-NM,both_stages_qualified_rate,100,12.5,0.0,37.5,12.5,8,8,8,actual_method_runs,descriptive_95_percent_scenario_bootstrap
fig02_qualification,conditional,30,RGA-MR,both_stages_qualified_rate,100,100.0,100.0,100.0,100.0,24,24,8,actual_method_runs,descriptive_95_percent_scenario_bootstrap
fig02_qualification,conditional,40,RGA-MR,both_stages_qualified_rate,100,100.0,100.0,100.0,100.0,24,24,8,actual_method_runs,descriptive_95_percent_scenario_bootstrap
fig02_qualification,conditional,50,RGA-MR,both_stages_qualified_rate,100,100.0,100.0,100.0,100.0,24,24,8,actual_method_runs,descriptive_95_percent_scenario_bootstrap
fig02_qualification,conditional,60,RGA-MR,both_stages_qualified_rate,100,75.0,37.5,100.0,75.0,24,24,8,actual_method_runs,descriptive_95_percent_scenario_bootstrap
fig02_qualification,conditional,70,RGA-MR,both_stages_qualified_rate,100,37.5,12.5,75.0,37.5,24,24,8,actual_method_runs,descriptive_95_percent_scenario_bootstrap
fig02_qualification,conditional,80,RGA-MR,both_stages_qualified_rate,100,12.5,0.0,37.5,12.5,24,24,8,actual_method_runs,descriptive_95_percent_scenario_bootstrap
fig02_qualification,conditional,30,B-ALNS,both_stages_qualified_rate,100,95.83333333333333,87.5,100.0,95.83333333333334,24,24,8,actual_method_runs,descriptive_95_percent_scenario_bootstrap
fig02_qualification,conditional,40,B-ALNS,both_stages_qualified_rate,100,100.0,100.0,100.0,100.0,24,24,8,actual_method_runs,descriptive_95_percent_scenario_bootstrap
fig02_qualification,conditional,50,B-ALNS,both_stages_qualified_rate,100,100.0,100.0,100.0,100.0,24,24,8,actual_method_runs,descriptive_95_percent_scenario_bootstrap
fig02_qualification,conditional,60,B-ALNS,both_stages_qualified_rate,100,95.83333333333333,87.5,100.0,95.83333333333334,24,24,8,actual_method_runs,descriptive_95_percent_scenario_bootstrap
fig02_qualification,conditional,70,B-ALNS,both_stages_qualified_rate,100,91.66666666666666,75.0,100.0,91.66666666666666,24,24,8,actual_method_runs,descriptive_95_percent_scenario_bootstrap
fig02_qualification,conditional,80,B-ALNS,both_stages_qualified_rate,100,87.5,70.83333333333333,100.0,87.5,24,24,8,actual_method_runs,descriptive_95_percent_scenario_bootstrap
fig02_qualification,conditional,30,ESI-ALNS,both_stages_qualified_rate,100,95.83333333333333,87.5,100.0,95.83333333333334,24,24,8,actual_method_runs,descriptive_95_percent_scenario_bootstrap
fig02_qualification,conditional,40,ESI-ALNS,both_stages_qualified_rate,100,100.0,100.0,100.0,100.0,24,24,8,actual_method_runs,descriptive_95_percent_scenario_bootstrap
fig02_qualification,conditional,50,ESI-ALNS,both_stages_qualified_rate,100,95.83333333333333,87.5,100.0,95.83333333333334,24,24,8,actual_method_runs,descriptive_95_percent_scenario_bootstrap
fig02_qualification,conditional,60,ESI-ALNS,both_stages_qualified_rate,100,95.83333333333333,87.5,100.0,95.83333333333334,24,24,8,actual_method_runs,descriptive_95_percent_scenario_bootstrap
fig02_qualification,conditional,70,ESI-ALNS,both_stages_qualified_rate,100,91.66666666666666,75.0,100.0,91.66666666666666,24,24,8,actual_method_runs,descriptive_95_percent_scenario_bootstrap
fig02_qualification,conditional,80,ESI-ALNS,both_stages_qualified_rate,100,87.5,70.83333333333333,100.0,87.5,24,24,8,actual_method_runs,descriptive_95_percent_scenario_bootstrap
fig03_p95_delay_common,common,30,GR-MR,p95_delay_s,1,326.8085085095412,304.35837888121887,350.516339138066,328.1299274295033,23,24,8,matched_seed_blocks,descriptive_95_percent_scenario_bootstrap
fig03_p95_delay_common,common,40,GR-MR,p95_delay_s,1,342.78423412637846,326.8512773594817,359.2922757979763,342.7842341263784,24,24,8,matched_seed_blocks,descriptive_95_percent_scenario_bootstrap
fig03_p95_delay_common,common,50,GR-MR,p95_delay_s,1,359.5384808206015,342.7751119964267,377.01278722792165,359.53848082060154,21,24,7,matched_seed_blocks,descriptive_95_percent_scenario_bootstrap
fig03_p95_delay_common,common,60,GR-MR,p95_delay_s,1,368.58851811177726,357.6341666238298,380.63244298584766,369.45478529515276,14,24,5,matched_seed_blocks,descriptive_95_percent_scenario_bootstrap
fig03_p95_delay_common,common,70,GR-MR,p95_delay_s,1,365.1903517540659,361.9791630101488,369.80093120540704,365.59017767047277,7,24,3,matched_seed_blocks,descriptive_95_percent_scenario_bootstrap
fig03_p95_delay_common,common,80,GR-MR,p95_delay_s,1,356.51771140698,,,356.51771140698,2,24,1,matched_seed_blocks,not_estimated_n1
fig03_p95_delay_common,common,30,FTR-NM,p95_delay_s,1,326.8085085095412,304.35837888121887,350.516339138066,328.1299274295033,23,24,8,matched_seed_blocks,descriptive_95_percent_scenario_bootstrap
fig03_p95_delay_common,common,40,FTR-NM,p95_delay_s,1,342.7843083158981,326.8512773594817,359.292349987496,342.7843083158981,24,24,8,matched_seed_blocks,descriptive_95_percent_scenario_bootstrap
fig03_p95_delay_common,common,50,FTR-NM,p95_delay_s,1,354.5676149592929,333.20323794224095,377.5682563550481,354.5676149592928,21,24,7,matched_seed_blocks,descriptive_95_percent_scenario_bootstrap
fig03_p95_delay_common,common,60,FTR-NM,p95_delay_s,1,368.58647953716434,357.63319647039305,380.62931214801773,369.4525745488871,14,24,5,matched_seed_blocks,descriptive_95_percent_scenario_bootstrap
fig03_p95_delay_common,common,70,FTR-NM,p95_delay_s,1,365.19035185835304,361.97916282985824,369.8009312732643,365.5901776830434,7,24,3,matched_seed_blocks,descriptive_95_percent_scenario_bootstrap
fig03_p95_delay_common,common,80,FTR-NM,p95_delay_s,1,356.5177114511378,,,356.5177114511378,2,24,1,matched_seed_blocks,not_estimated_n1
fig03_p95_delay_common,common,30,RGA-MR,p95_delay_s,1,331.5415896259159,311.97387414893643,352.196487064107,333.06879468137254,23,24,8,matched_seed_blocks,descriptive_95_percent_scenario_bootstrap
fig03_p95_delay_common,common,40,RGA-MR,p95_delay_s,1,340.82455377243735,323.52118451451304,358.5924510743067,340.82455377243735,24,24,8,matched_seed_blocks,descriptive_95_percent_scenario_bootstrap
fig03_p95_delay_common,common,50,RGA-MR,p95_delay_s,1,360.1035578667914,343.22418935749295,378.1657675671144,360.1035578667914,21,24,7,matched_seed_blocks,descriptive_95_percent_scenario_bootstrap
fig03_p95_delay_common,common,60,RGA-MR,p95_delay_s,1,368.58856181459697,357.6341666238298,380.6325740943069,369.45483211960243,14,24,5,matched_seed_blocks,descriptive_95_percent_scenario_bootstrap
fig03_p95_delay_common,common,70,RGA-MR,p95_delay_s,1,365.19035176975535,361.9791630101488,369.80093125247555,365.59017769064496,7,24,3,matched_seed_blocks,descriptive_95_percent_scenario_bootstrap
fig03_p95_delay_common,common,80,RGA-MR,p95_delay_s,1,356.51771140698,,,356.51771140698,2,24,1,matched_seed_blocks,not_estimated_n1
fig03_p95_delay_common,common,30,B-ALNS,p95_delay_s,1,340.14925574229267,328.86749701079714,352.97332740912856,340.6700759990445,23,24,8,matched_seed_blocks,descriptive_95_percent_scenario_bootstrap
fig03_p95_delay_common,common,40,B-ALNS,p95_delay_s,1,348.8364959104607,333.9422164747472,363.40487863832317,348.83649591046066,24,24,8,matched_seed_blocks,descriptive_95_percent_scenario_bootstrap
fig03_p95_delay_common,common,50,B-ALNS,p95_delay_s,1,363.84441098232344,356.24574895461944,372.03268917865125,363.8444109823234,21,24,7,matched_seed_blocks,descriptive_95_percent_scenario_bootstrap
fig03_p95_delay_common,common,60,B-ALNS,p95_delay_s,1,365.54866753607484,357.1712451886416,374.5554300801614,365.9178230025348,14,24,5,matched_seed_blocks,descriptive_95_percent_scenario_bootstrap
fig03_p95_delay_common,common,70,B-ALNS,p95_delay_s,1,368.09608986483164,351.44509385007024,391.0765803326661,372.85351729762067,7,24,3,matched_seed_blocks,descriptive_95_percent_scenario_bootstrap
fig03_p95_delay_common,common,80,B-ALNS,p95_delay_s,1,365.6295706629683,,,365.6295706629683,2,24,1,matched_seed_blocks,not_estimated_n1
fig03_p95_delay_common,common,30,ESI-ALNS,p95_delay_s,1,341.27749698208885,329.1950008865861,354.49530527264955,341.8455018321936,23,24,8,matched_seed_blocks,descriptive_95_percent_scenario_bootstrap
fig03_p95_delay_common,common,40,ESI-ALNS,p95_delay_s,1,349.3418987546495,334.06305250279763,363.8252304519313,349.3418987546495,24,24,8,matched_seed_blocks,descriptive_95_percent_scenario_bootstrap
fig03_p95_delay_common,common,50,ESI-ALNS,p95_delay_s,1,363.79517392045085,355.6407879058379,372.43184290731125,363.79517392045085,21,24,7,matched_seed_blocks,descriptive_95_percent_scenario_bootstrap
fig03_p95_delay_common,common,60,ESI-ALNS,p95_delay_s,1,365.7988589348382,357.8998579401449,375.0486778809635,366.1858851981746,14,24,5,matched_seed_blocks,descriptive_95_percent_scenario_bootstrap
fig03_p95_delay_common,common,70,ESI-ALNS,p95_delay_s,1,366.758459808865,353.3202882889655,388.5482940240942,370.59793738597915,7,24,3,matched_seed_blocks,descriptive_95_percent_scenario_bootstrap
fig03_p95_delay_common,common,80,ESI-ALNS,p95_delay_s,1,357.23971449905775,,,357.23971449905775,2,24,1,matched_seed_blocks,not_estimated_n1
fig04_cpu_common,common,30,GR-MR,normalized_mec_cpu,1,0.0,0.0,0.0,0.0,23,24,8,matched_seed_blocks,descriptive_95_percent_scenario_bootstrap
fig04_cpu_common,common,40,GR-MR,normalized_mec_cpu,1,0.0031453790799699953,0.0,0.009436137239909985,0.0031453790799699953,24,24,8,matched_seed_blocks,descriptive_95_percent_scenario_bootstrap
fig04_cpu_common,common,50,GR-MR,normalized_mec_cpu,1,0.44544444801545474,0.17770710996150674,0.7304508846108488,0.4454444480154548,21,24,7,matched_seed_blocks,descriptive_95_percent_scenario_bootstrap
fig04_cpu_common,common,60,GR-MR,normalized_mec_cpu,1,0.4071479361756992,0.21830011062209284,0.6634230236198609,0.42092604330686606,14,24,5,matched_seed_blocks,descriptive_95_percent_scenario_bootstrap
fig04_cpu_common,common,70,GR-MR,normalized_mec_cpu,1,0.7888122141304041,0.40279057752455305,1.1819238988664402,0.6764945899201081,7,24,3,matched_seed_blocks,descriptive_95_percent_scenario_bootstrap
fig04_cpu_common,common,80,GR-MR,normalized_mec_cpu,1,0.7932011674455864,,,0.7932011674455864,2,24,1,matched_seed_blocks,not_estimated_n1
fig04_cpu_common,common,30,FTR-NM,normalized_mec_cpu,1,0.0,0.0,0.0,0.0,23,24,8,matched_seed_blocks,descriptive_95_percent_scenario_bootstrap
fig04_cpu_common,common,40,FTR-NM,normalized_mec_cpu,1,0.002628653380341551,0.0,0.007885960141024653,0.002628653380341551,24,24,8,matched_seed_blocks,descriptive_95_percent_scenario_bootstrap
fig04_cpu_common,common,50,FTR-NM,normalized_mec_cpu,1,0.23745931687162308,0.045993298102414336,0.5250037376774171,0.2374593168716231,21,24,7,matched_seed_blocks,descriptive_95_percent_scenario_bootstrap
fig04_cpu_common,common,60,FTR-NM,normalized_mec_cpu,1,0.3538846921841968,0.12781340513223188,0.5799559792361617,0.35825292208329423,14,24,5,matched_seed_blocks,descriptive_95_percent_scenario_bootstrap
fig04_cpu_common,common,70,FTR-NM,normalized_mec_cpu,1,0.8062630121920212,0.5721502957425703,1.1785961031509218,0.6998821290609069,7,24,3,matched_seed_blocks,descriptive_95_percent_scenario_bootstrap
fig04_cpu_common,common,80,FTR-NM,normalized_mec_cpu,1,0.4522941476787895,,,0.4522941476787895,2,24,1,matched_seed_blocks,not_estimated_n1
fig04_cpu_common,common,30,RGA-MR,normalized_mec_cpu,1,0.0,0.0,0.0,0.0,23,24,8,matched_seed_blocks,descriptive_95_percent_scenario_bootstrap
fig04_cpu_common,common,40,RGA-MR,normalized_mec_cpu,1,0.0031453790799699953,0.0,0.009436137239909985,0.0031453790799699953,24,24,8,matched_seed_blocks,descriptive_95_percent_scenario_bootstrap
fig04_cpu_common,common,50,RGA-MR,normalized_mec_cpu,1,0.43789402614184836,0.1716329268656658,0.7223327944807021,0.4378940261418484,21,24,7,matched_seed_blocks,descriptive_95_percent_scenario_bootstrap
fig04_cpu_common,common,60,RGA-MR,normalized_mec_cpu,1,0.40253199501397974,0.21368416946037344,0.6634230236198609,0.41598039206216675,14,24,5,matched_seed_blocks,descriptive_95_percent_scenario_bootstrap
fig04_cpu_common,common,70,RGA-MR,normalized_mec_cpu,1,0.8016127845723737,0.4411922888504615,1.1819238988664402,0.6929524662026404,7,24,3,matched_seed_blocks,descriptive_95_percent_scenario_bootstrap
fig04_cpu_common,common,80,RGA-MR,normalized_mec_cpu,1,0.7932011674455864,,,0.7932011674455864,2,24,1,matched_seed_blocks,not_estimated_n1
fig04_cpu_common,common,30,B-ALNS,normalized_mec_cpu,1,0.4273563129781237,0.20912860523791937,0.6531921977254102,0.44593702223804216,23,24,8,matched_seed_blocks,descriptive_95_percent_scenario_bootstrap
fig04_cpu_common,common,40,B-ALNS,normalized_mec_cpu,1,0.45664968508213577,0.36580283485829646,0.5440933773083894,0.45664968508213577,24,24,8,matched_seed_blocks,descriptive_95_percent_scenario_bootstrap
fig04_cpu_common,common,50,B-ALNS,normalized_mec_cpu,1,0.6195120800933349,0.5074759888345854,0.7171214170188621,0.6195120800933349,21,24,7,matched_seed_blocks,descriptive_95_percent_scenario_bootstrap
fig04_cpu_common,common,60,B-ALNS,normalized_mec_cpu,1,0.8379589403856368,0.5763441236002941,1.0995737571709796,0.8075887722302023,14,24,5,matched_seed_blocks,descriptive_95_percent_scenario_bootstrap
fig04_cpu_common,common,70,B-ALNS,normalized_mec_cpu,1,0.6408245916121796,0.5655935805352269,0.7577464186393504,0.6074183553187025,7,24,3,matched_seed_blocks,descriptive_95_percent_scenario_bootstrap
fig04_cpu_common,common,80,B-ALNS,normalized_mec_cpu,1,1.0533607269570098,,,1.0533607269570098,2,24,1,matched_seed_blocks,not_estimated_n1
fig04_cpu_common,common,30,ESI-ALNS,normalized_mec_cpu,1,0.4549957607446267,0.26771988097784066,0.6582892474879929,0.46838356345791543,23,24,8,matched_seed_blocks,descriptive_95_percent_scenario_bootstrap
fig04_cpu_common,common,40,ESI-ALNS,normalized_mec_cpu,1,0.45204933076647347,0.36514380711803157,0.5384251850472781,0.4520493307664734,24,24,8,matched_seed_blocks,descriptive_95_percent_scenario_bootstrap
fig04_cpu_common,common,50,ESI-ALNS,normalized_mec_cpu,1,0.6368341150419357,0.5366055197110825,0.7289168992812266,0.6368341150419357,21,24,7,matched_seed_blocks,descriptive_95_percent_scenario_bootstrap
fig04_cpu_common,common,60,ESI-ALNS,normalized_mec_cpu,1,0.8090919812457761,0.5256909586306318,1.1394213526613484,0.7656048817465262,14,24,5,matched_seed_blocks,descriptive_95_percent_scenario_bootstrap
fig04_cpu_common,common,70,ESI-ALNS,normalized_mec_cpu,1,0.753000504817618,0.5806492369382713,0.9171969501842817,0.7060872347128572,7,24,3,matched_seed_blocks,descriptive_95_percent_scenario_bootstrap
fig04_cpu_common,common,80,ESI-ALNS,normalized_mec_cpu,1,1.0632424211409905,,,1.0632424211409905,2,24,1,matched_seed_blocks,not_estimated_n1
fig05_construction_search_time,conditional,30,GR-MR,original_construction_search_s,1,0.007820177249993066,0.006670895640622088,0.008700237403118004,0.007820177249993066,8,8,8,actual_method_runs,descriptive_95_percent_scenario_bootstrap
fig05_construction_search_time,conditional,40,GR-MR,original_construction_search_s,1,0.018267325124999623,0.013990442943749893,0.023639842781249636,0.018267325124999623,8,8,8,actual_method_runs,descriptive_95_percent_scenario_bootstrap
fig05_construction_search_time,conditional,50,GR-MR,original_construction_search_s,1,0.07244292112499728,0.05479839512499751,0.09008882249999939,0.07244292112499728,8,8,8,actual_method_runs,descriptive_95_percent_scenario_bootstrap
fig05_construction_search_time,conditional,60,GR-MR,original_construction_search_s,1,0.18690406837500184,0.1336371415000004,0.2395562215875053,0.18690406837500184,8,8,8,actual_method_runs,descriptive_95_percent_scenario_bootstrap
fig05_construction_search_time,conditional,70,GR-MR,original_construction_search_s,1,0.2990733391250071,0.22466300575000453,0.3695194593750042,0.2990733391250071,8,8,8,actual_method_runs,descriptive_95_percent_scenario_bootstrap
fig05_construction_search_time,conditional,80,GR-MR,original_construction_search_s,1,0.497379639874997,0.41223893446248844,0.592469036624995,0.497379639874997,8,8,8,actual_method_runs,descriptive_95_percent_scenario_bootstrap
fig05_construction_search_time,conditional,30,FTR-NM,original_construction_search_s,1,0.007984287374999788,0.006832815375001466,0.00885382102187675,0.007984287374999788,8,8,8,actual_method_runs,descriptive_95_percent_scenario_bootstrap
fig05_construction_search_time,conditional,40,FTR-NM,original_construction_search_s,1,0.017019010125006062,0.01408809387499943,0.019698195125005924,0.017019010125006062,8,8,8,actual_method_runs,descriptive_95_percent_scenario_bootstrap
fig05_construction_search_time,conditional,50,FTR-NM,original_construction_search_s,1,0.04639839637500032,0.03925070275000042,0.0531129661250036,0.04639839637500032,8,8,8,actual_method_runs,descriptive_95_percent_scenario_bootstrap
fig05_construction_search_time,conditional,60,FTR-NM,original_construction_search_s,1,0.10952758587499734,0.08175697887500011,0.13962375899999113,0.10952758587499734,8,8,8,actual_method_runs,descriptive_95_percent_scenario_bootstrap
fig05_construction_search_time,conditional,70,FTR-NM,original_construction_search_s,1,0.1685015663749887,0.13248958592810864,0.2029781506249921,0.1685015663749887,8,8,8,actual_method_runs,descriptive_95_percent_scenario_bootstrap
fig05_construction_search_time,conditional,80,FTR-NM,original_construction_search_s,1,0.27714243012499384,0.22816384879686763,0.3241813227843615,0.27714243012499384,8,8,8,actual_method_runs,descriptive_95_percent_scenario_bootstrap
fig05_construction_search_time,conditional,30,RGA-MR,original_construction_search_s,1,2.7721345078333326,1.9647737462541657,3.4987305142041683,2.7721345078333326,24,24,8,actual_method_runs,descriptive_95_percent_scenario_bootstrap
fig05_construction_search_time,conditional,40,RGA-MR,original_construction_search_s,1,7.216065686250001,5.741550399181248,8.833334167291667,7.21606568625,24,24,8,actual_method_runs,descriptive_95_percent_scenario_bootstrap
fig05_construction_search_time,conditional,50,RGA-MR,original_construction_search_s,1,15.233394922666669,12.882968722166666,17.805194613875,15.233394922666667,24,24,8,actual_method_runs,descriptive_95_percent_scenario_bootstrap
fig05_construction_search_time,conditional,60,RGA-MR,original_construction_search_s,1,24.858182282916665,20.362087394416665,29.507975422541666,24.858182282916665,24,24,8,actual_method_runs,descriptive_95_percent_scenario_bootstrap
fig05_construction_search_time,conditional,70,RGA-MR,original_construction_search_s,1,29.6475388525,23.960090986503104,35.00677541102083,29.647538852499995,24,24,8,actual_method_runs,descriptive_95_percent_scenario_bootstrap
fig05_construction_search_time,conditional,80,RGA-MR,original_construction_search_s,1,37.22818383895834,31.268015607245843,43.61219863933021,37.22818383895834,24,24,8,actual_method_runs,descriptive_95_percent_scenario_bootstrap
fig05_construction_search_time,conditional,30,B-ALNS,original_construction_search_s,1,2.098680495624993,1.5132737325416594,2.6803938444937465,2.098680495624993,24,24,8,actual_method_runs,descriptive_95_percent_scenario_bootstrap
fig05_construction_search_time,conditional,40,B-ALNS,original_construction_search_s,1,4.880371411416664,3.7679329929166596,5.9717267617083385,4.880371411416664,24,24,8,actual_method_runs,descriptive_95_percent_scenario_bootstrap
fig05_construction_search_time,conditional,50,B-ALNS,original_construction_search_s,1,10.30516607358333,8.097445658958332,12.313828212791659,10.30516607358333,24,24,8,actual_method_runs,descriptive_95_percent_scenario_bootstrap
fig05_construction_search_time,conditional,60,B-ALNS,original_construction_search_s,1,19.84903673925,16.618222041708336,23.43049391575,19.84903673925,24,24,8,actual_method_runs,descriptive_95_percent_scenario_bootstrap
fig05_construction_search_time,conditional,70,B-ALNS,original_construction_search_s,1,25.419421448916665,17.716510234041678,35.08024406878853,25.41942144891667,24,24,8,actual_method_runs,descriptive_95_percent_scenario_bootstrap
fig05_construction_search_time,conditional,80,B-ALNS,original_construction_search_s,1,41.106975613958326,33.92963087680104,47.52578671691667,41.10697561395833,24,24,8,actual_method_runs,descriptive_95_percent_scenario_bootstrap
fig05_construction_search_time,conditional,30,ESI-ALNS,original_construction_search_s,1,3.798891168208327,3.261171205083327,4.332191715644788,3.798891168208327,24,24,8,actual_method_runs,descriptive_95_percent_scenario_bootstrap
fig05_construction_search_time,conditional,40,ESI-ALNS,original_construction_search_s,1,7.344894018916667,6.0312422869999995,8.58642687845834,7.344894018916668,24,24,8,actual_method_runs,descriptive_95_percent_scenario_bootstrap
fig05_construction_search_time,conditional,50,ESI-ALNS,original_construction_search_s,1,14.193386918999998,12.030125060625,16.269500146791664,14.193386918999998,24,24,8,actual_method_runs,descriptive_95_percent_scenario_bootstrap
fig05_construction_search_time,conditional,60,ESI-ALNS,original_construction_search_s,1,24.78129338041667,20.836159592291672,29.270595101750004,24.78129338041667,24,24,8,actual_method_runs,descriptive_95_percent_scenario_bootstrap
fig05_construction_search_time,conditional,70,ESI-ALNS,original_construction_search_s,1,30.31627155904167,21.791019761678132,40.56085209662499,30.31627155904167,24,24,8,actual_method_runs,descriptive_95_percent_scenario_bootstrap
fig05_construction_search_time,conditional,80,ESI-ALNS,original_construction_search_s,1,48.603124236,39.87254272420833,56.085976997874994,48.603124236,24,24,8,actual_method_runs,descriptive_95_percent_scenario_bootstrap
fig06_paired_energy_saving,paired,30,B-ALNS,stage1_energy_j,-0.001,0.4166815157003106,0.01367180696483471,1.1854771600905587,0.4341474572249129,23,24,8,matched_seed_blocks,descriptive_95_percent_scenario_bootstrap
fig06_paired_energy_saving,paired,40,B-ALNS,stage1_energy_j,-0.001,0.29077021775043127,0.0157552575626396,0.7661674171256113,0.2907702177504313,24,24,8,matched_seed_blocks,descriptive_95_percent_scenario_bootstrap
fig06_paired_energy_saving,paired,50,B-ALNS,stage1_energy_j,-0.001,2.0836451499638473,0.6288744102433927,3.7461108095300055,2.1640909808041258,23,24,8,matched_seed_blocks,descriptive_95_percent_scenario_bootstrap
fig06_paired_energy_saving,paired,60,B-ALNS,stage1_energy_j,-0.001,1.3793632047566553,0.14723995961325134,3.070348441787214,1.4340248310578034,23,24,8,matched_seed_blocks,descriptive_95_percent_scenario_bootstrap
fig06_paired_energy_saving,paired,70,B-ALNS,stage1_energy_j,-0.001,2.6477864462076623,1.3955065585998978,3.7930742383245657,2.4557381133393994,22,24,8,matched_seed_blocks,descriptive_95_percent_scenario_bootstrap
fig06_paired_energy_saving,paired,80,B-ALNS,stage1_energy_j,-0.001,1.4142420916251868,0.4220589502834482,2.680370071142707,1.5891881053198595,21,24,8,matched_seed_blocks,descriptive_95_percent_scenario_bootstrap
fig07_stage2_cpu_reduction,common,30,GR-MR,cpu_stage2_minus_stage1,-1,-0.0,-0.0,-0.0,-0.0,23,24,8,matched_seed_blocks,descriptive_95_percent_scenario_bootstrap
fig07_stage2_cpu_reduction,common,40,GR-MR,cpu_stage2_minus_stage1,-1,0.0866249239229176,-0.0,0.2598747717687528,0.0866249239229176,24,24,8,matched_seed_blocks,descriptive_95_percent_scenario_bootstrap
fig07_stage2_cpu_reduction,common,50,GR-MR,cpu_stage2_minus_stage1,-1,0.505103031122754,0.2553387839903393,0.7483876762498389,0.5051030311227541,21,24,7,matched_seed_blocks,descriptive_95_percent_scenario_bootstrap
fig07_stage2_cpu_reduction,common,60,GR-MR,cpu_stage2_minus_stage1,-1,0.6123852731783204,0.4785210580446876,0.7468084049376592,0.6121274803654694,14,24,5,matched_seed_blocks,descriptive_95_percent_scenario_bootstrap
fig07_stage2_cpu_reduction,common,70,GR-MR,cpu_stage2_minus_stage1,-1,0.9718023242474073,0.6844071781899199,1.2647788304387289,1.0539152231209752,7,24,3,matched_seed_blocks,descriptive_95_percent_scenario_bootstrap
fig07_stage2_cpu_reduction,common,80,GR-MR,cpu_stage2_minus_stage1,-1,1.0302463739886334,,,1.0302463739886334,2,24,1,matched_seed_blocks,not_estimated_n1
fig07_stage2_cpu_reduction,common,30,FTR-NM,cpu_stage2_minus_stage1,-1,-0.0,-0.0,-0.0,-0.0,23,24,8,matched_seed_blocks,descriptive_95_percent_scenario_bootstrap
fig07_stage2_cpu_reduction,common,40,FTR-NM,cpu_stage2_minus_stage1,-1,0.08701117378028186,-0.0,0.26103352134084556,0.08701117378028186,24,24,8,matched_seed_blocks,descriptive_95_percent_scenario_bootstrap
fig07_stage2_cpu_reduction,common,50,FTR-NM,cpu_stage2_minus_stage1,-1,0.6588040657024671,0.37970570339951304,0.9532351783908523,0.6588040657024672,21,24,7,matched_seed_blocks,descriptive_95_percent_scenario_bootstrap
fig07_stage2_cpu_reduction,common,60,FTR-NM,cpu_stage2_minus_stage1,-1,0.7962459263651791,0.5072047489591107,1.064860680716812,0.7629301230118932,14,24,5,matched_seed_blocks,descriptive_95_percent_scenario_bootstrap
fig07_stage2_cpu_reduction,common,70,FTR-NM,cpu_stage2_minus_stage1,-1,0.9894892275764868,0.6820359997591905,1.1656291689442022,1.077333006952857,7,24,3,matched_seed_blocks,descriptive_95_percent_scenario_bootstrap
fig07_stage2_cpu_reduction,common,80,FTR-NM,cpu_stage2_minus_stage1,-1,1.3560504110270863,,,1.3560504110270863,2,24,1,matched_seed_blocks,not_estimated_n1
fig07_stage2_cpu_reduction,common,30,RGA-MR,cpu_stage2_minus_stage1,-1,-0.0,-0.0,-0.0,-0.0,23,24,8,matched_seed_blocks,descriptive_95_percent_scenario_bootstrap
fig07_stage2_cpu_reduction,common,40,RGA-MR,cpu_stage2_minus_stage1,-1,0.0866249239229176,-0.0,0.2598747717687528,0.0866249239229176,24,24,8,matched_seed_blocks,descriptive_95_percent_scenario_bootstrap
fig07_stage2_cpu_reduction,common,50,RGA-MR,cpu_stage2_minus_stage1,-1,0.513452817896544,0.31497568745704746,0.6969028469309614,0.5134528178965438,21,24,7,matched_seed_blocks,descriptive_95_percent_scenario_bootstrap
fig07_stage2_cpu_reduction,common,60,RGA-MR,cpu_stage2_minus_stage1,-1,0.6155278437504823,0.4832479906760131,0.7499509755098213,0.6154945202642145,14,24,5,matched_seed_blocks,descriptive_95_percent_scenario_bootstrap
fig07_stage2_cpu_reduction,common,70,RGA-MR,cpu_stage2_minus_stage1,-1,0.9592528655256772,0.6844071781899199,1.2271304542735388,1.037780204764465,7,24,3,matched_seed_blocks,descriptive_95_percent_scenario_bootstrap
fig07_stage2_cpu_reduction,common,80,RGA-MR,cpu_stage2_minus_stage1,-1,1.0302463739886334,,,1.0302463739886334,2,24,1,matched_seed_blocks,not_estimated_n1
fig07_stage2_cpu_reduction,common,30,B-ALNS,cpu_stage2_minus_stage1,-1,0.3970010122379612,0.1928177711990413,0.606377359893903,0.4142619258135247,23,24,8,matched_seed_blocks,descriptive_95_percent_scenario_bootstrap
fig07_stage2_cpu_reduction,common,40,B-ALNS,cpu_stage2_minus_stage1,-1,0.599569869999508,0.4583101587070074,0.7799204909056294,0.599569869999508,24,24,8,matched_seed_blocks,descriptive_95_percent_scenario_bootstrap
fig07_stage2_cpu_reduction,common,50,B-ALNS,cpu_stage2_minus_stage1,-1,0.8322494766936541,0.7252145177926297,0.9566140262316633,0.832249476693654,21,24,7,matched_seed_blocks,descriptive_95_percent_scenario_bootstrap
fig07_stage2_cpu_reduction,common,60,B-ALNS,cpu_stage2_minus_stage1,-1,0.6792261759794721,0.5110354560800128,0.8219029560889876,0.6842245488671862,14,24,5,matched_seed_blocks,descriptive_95_percent_scenario_bootstrap
fig07_stage2_cpu_reduction,common,70,B-ALNS,cpu_stage2_minus_stage1,-1,0.8389723612529183,0.6377529012642809,1.032698333507795,0.7836220834658106,7,24,3,matched_seed_blocks,descriptive_95_percent_scenario_bootstrap
fig07_stage2_cpu_reduction,common,80,B-ALNS,cpu_stage2_minus_stage1,-1,0.7930843065592581,,,0.7930843065592581,2,24,1,matched_seed_blocks,not_estimated_n1
fig07_stage2_cpu_reduction,common,30,ESI-ALNS,cpu_stage2_minus_stage1,-1,0.4835540008044181,0.32828655649751104,0.6653584680709955,0.49325854251920137,23,24,8,matched_seed_blocks,descriptive_95_percent_scenario_bootstrap
fig07_stage2_cpu_reduction,common,40,ESI-ALNS,cpu_stage2_minus_stage1,-1,0.6012690446986588,0.44794214416168865,0.7850020530196344,0.6012690446986588,24,24,8,matched_seed_blocks,descriptive_95_percent_scenario_bootstrap
fig07_stage2_cpu_reduction,common,50,ESI-ALNS,cpu_stage2_minus_stage1,-1,0.8023357003854875,0.6561563690606498,0.9523418956804887,0.8023357003854875,21,24,7,matched_seed_blocks,descriptive_95_percent_scenario_bootstrap
fig07_stage2_cpu_reduction,common,60,ESI-ALNS,cpu_stage2_minus_stage1,-1,0.6931203762931071,0.5230220529728655,0.8632186996133486,0.7091112295250357,14,24,5,matched_seed_blocks,descriptive_95_percent_scenario_bootstrap
fig07_stage2_cpu_reduction,common,70,ESI-ALNS,cpu_stage2_minus_stage1,-1,0.8138084833736389,0.6080420798880763,0.9340777288421829,0.789380723940205,7,24,3,matched_seed_blocks,descriptive_95_percent_scenario_bootstrap
fig07_stage2_cpu_reduction,common,80,ESI-ALNS,cpu_stage2_minus_stage1,-1,0.7802273380576069,,,0.7802273380576069,2,24,1,matched_seed_blocks,not_estimated_n1
figS01_mean_delay_common,common,30,GR-MR,mean_delay_s,1,196.78415990736522,188.31265884154018,205.64923184194635,197.36363082371963,23,24,8,matched_seed_blocks,descriptive_95_percent_scenario_bootstrap
figS01_mean_delay_common,common,40,GR-MR,mean_delay_s,1,199.8241503800337,190.37223613698023,208.58349911993764,199.8241503800337,24,24,8,matched_seed_blocks,descriptive_95_percent_scenario_bootstrap
figS01_mean_delay_common,common,50,GR-MR,mean_delay_s,1,208.83279332146245,201.73578594043735,217.17538135949815,208.83279332146242,21,24,7,matched_seed_blocks,descriptive_95_percent_scenario_bootstrap
figS01_mean_delay_common,common,60,GR-MR,mean_delay_s,1,209.74594606734973,201.9425870276355,216.1238622584297,209.45623363460632,14,24,5,matched_seed_blocks,descriptive_95_percent_scenario_bootstrap
figS01_mean_delay_common,common,70,GR-MR,mean_delay_s,1,215.93815621717508,214.59378013197667,217.234115364124,215.92432280624664,7,24,3,matched_seed_blocks,descriptive_95_percent_scenario_bootstrap
figS01_mean_delay_common,common,80,GR-MR,mean_delay_s,1,214.03509982604191,,,214.03509982604191,2,24,1,matched_seed_blocks,not_estimated_n1
figS01_mean_delay_common,common,30,FTR-NM,mean_delay_s,1,196.78415990736522,188.31265884154018,205.64923184194635,197.36363082371963,23,24,8,matched_seed_blocks,descriptive_95_percent_scenario_bootstrap
figS01_mean_delay_common,common,40,FTR-NM,mean_delay_s,1,199.82458363710958,190.37223613698023,208.58393237701353,199.82458363710958,24,24,8,matched_seed_blocks,descriptive_95_percent_scenario_bootstrap
figS01_mean_delay_common,common,50,FTR-NM,mean_delay_s,1,208.26230423355582,200.71151216003895,217.10797378031714,208.26230423355582,21,24,7,matched_seed_blocks,descriptive_95_percent_scenario_bootstrap
figS01_mean_delay_common,common,60,FTR-NM,mean_delay_s,1,209.33417359985688,201.71034962122354,215.62136756212448,209.12967788596356,14,24,5,matched_seed_blocks,descriptive_95_percent_scenario_bootstrap
figS01_mean_delay_common,common,70,FTR-NM,mean_delay_s,1,215.9852698775256,214.58425012858115,217.36750438940294,215.979902666935,7,24,3,matched_seed_blocks,descriptive_95_percent_scenario_bootstrap
figS01_mean_delay_common,common,80,FTR-NM,mean_delay_s,1,214.1881950395473,,,214.1881950395473,2,24,1,matched_seed_blocks,not_estimated_n1
figS01_mean_delay_common,common,30,RGA-MR,mean_delay_s,1,198.61891428142457,190.08353951467524,207.3589853250191,199.2781571270859,23,24,8,matched_seed_blocks,descriptive_95_percent_scenario_bootstrap
figS01_mean_delay_common,common,40,RGA-MR,mean_delay_s,1,199.3387996475125,189.5611466652007,208.2732083281801,199.3387996475125,24,24,8,matched_seed_blocks,descriptive_95_percent_scenario_bootstrap
figS01_mean_delay_common,common,50,RGA-MR,mean_delay_s,1,209.22008974083755,202.18988343493115,217.5216667899996,209.22008974083755,21,24,7,matched_seed_blocks,descriptive_95_percent_scenario_bootstrap
figS01_mean_delay_common,common,60,RGA-MR,mean_delay_s,1,209.68276901956634,201.9425870276355,215.99750816286297,209.38854394055272,14,24,5,matched_seed_blocks,descriptive_95_percent_scenario_bootstrap
figS01_mean_delay_common,common,70,RGA-MR,mean_delay_s,1,215.75299500864983,214.59378013197667,216.67863173854823,215.68625839528562,7,24,3,matched_seed_blocks,descriptive_95_percent_scenario_bootstrap
figS01_mean_delay_common,common,80,RGA-MR,mean_delay_s,1,214.03509982604191,,,214.03509982604191,2,24,1,matched_seed_blocks,not_estimated_n1
figS01_mean_delay_common,common,30,B-ALNS,mean_delay_s,1,202.78337412104491,192.5921898964645,213.21558043997027,203.85687614353364,23,24,8,matched_seed_blocks,descriptive_95_percent_scenario_bootstrap
figS01_mean_delay_common,common,40,B-ALNS,mean_delay_s,1,202.67218038986564,194.18554206762332,213.15393412865893,202.67218038986564,24,24,8,matched_seed_blocks,descriptive_95_percent_scenario_bootstrap
figS01_mean_delay_common,common,50,B-ALNS,mean_delay_s,1,210.88605502272927,203.36282221755866,218.09792606027716,210.88605502272932,21,24,7,matched_seed_blocks,descriptive_95_percent_scenario_bootstrap
figS01_mean_delay_common,common,60,B-ALNS,mean_delay_s,1,214.32860601889107,203.8503993674013,224.57929176407714,213.59486871032678,14,24,5,matched_seed_blocks,descriptive_95_percent_scenario_bootstrap
figS01_mean_delay_common,common,70,B-ALNS,mean_delay_s,1,208.2781890332343,201.18538758727513,214.34606575605346,207.98535339805144,7,24,3,matched_seed_blocks,descriptive_95_percent_scenario_bootstrap
figS01_mean_delay_common,common,80,B-ALNS,mean_delay_s,1,218.03668725425442,,,218.03668725425442,2,24,1,matched_seed_blocks,not_estimated_n1
figS01_mean_delay_common,common,30,ESI-ALNS,mean_delay_s,1,204.16415252950483,194.77120808803966,214.06039964489307,205.03479934454046,23,24,8,matched_seed_blocks,descriptive_95_percent_scenario_bootstrap
figS01_mean_delay_common,common,40,ESI-ALNS,mean_delay_s,1,202.6673523096506,194.1165062296451,212.855971364837,202.6673523096506,24,24,8,matched_seed_blocks,descriptive_95_percent_scenario_bootstrap
figS01_mean_delay_common,common,50,ESI-ALNS,mean_delay_s,1,210.562095619865,203.13780458599686,217.5285351199047,210.56209561986503,21,24,7,matched_seed_blocks,descriptive_95_percent_scenario_bootstrap
figS01_mean_delay_common,common,60,ESI-ALNS,mean_delay_s,1,213.42842917481056,203.2852326133209,223.21395258838297,212.6319727285327,14,24,5,matched_seed_blocks,descriptive_95_percent_scenario_bootstrap
figS01_mean_delay_common,common,70,ESI-ALNS,mean_delay_s,1,207.56046383302078,200.55936285072457,213.33481006505576,207.20996247580328,7,24,3,matched_seed_blocks,descriptive_95_percent_scenario_bootstrap
figS01_mean_delay_common,common,80,ESI-ALNS,mean_delay_s,1,217.77725021342513,,,217.77725021342513,2,24,1,matched_seed_blocks,not_estimated_n1
figS02_offload_common,common,30,GR-MR,offload_ratio,100,0.0,0.0,0.0,0.0,23,24,8,matched_seed_blocks,descriptive_95_percent_scenario_bootstrap
figS02_offload_common,common,40,GR-MR,offload_ratio,100,0.3125,0.0,0.9375000000000001,0.3125,24,24,8,matched_seed_blocks,descriptive_95_percent_scenario_bootstrap
figS02_offload_common,common,50,GR-MR,offload_ratio,100,3.1428571428571432,1.7142857142857144,4.571428571428571,3.1428571428571432,21,24,7,matched_seed_blocks,descriptive_95_percent_scenario_bootstrap
figS02_offload_common,common,60,GR-MR,offload_ratio,100,5.666666666666666,3.0,8.333333333333332,5.357142857142857,14,24,5,matched_seed_blocks,descriptive_95_percent_scenario_bootstrap
figS02_offload_common,common,70,GR-MR,offload_ratio,100,8.57142857142857,7.142857142857142,10.000000000000002,8.16326530612245,7,24,3,matched_seed_blocks,descriptive_95_percent_scenario_bootstrap
figS02_offload_common,common,80,GR-MR,offload_ratio,100,8.75,,,8.75,2,24,1,matched_seed_blocks,not_estimated_n1
figS02_offload_common,common,30,FTR-NM,offload_ratio,100,0.0,0.0,0.0,0.0,23,24,8,matched_seed_blocks,descriptive_95_percent_scenario_bootstrap
figS02_offload_common,common,40,FTR-NM,offload_ratio,100,0.3125,0.0,0.9375000000000001,0.3125,24,24,8,matched_seed_blocks,descriptive_95_percent_scenario_bootstrap
figS02_offload_common,common,50,FTR-NM,offload_ratio,100,3.428571428571429,1.9999999999999998,4.857142857142858,3.428571428571429,21,24,7,matched_seed_blocks,descriptive_95_percent_scenario_bootstrap
figS02_offload_common,common,60,FTR-NM,offload_ratio,100,5.666666666666666,3.0,8.333333333333332,5.357142857142857,14,24,5,matched_seed_blocks,descriptive_95_percent_scenario_bootstrap
figS02_offload_common,common,70,FTR-NM,offload_ratio,100,8.57142857142857,7.142857142857142,10.000000000000002,8.16326530612245,7,24,3,matched_seed_blocks,descriptive_95_percent_scenario_bootstrap
figS02_offload_common,common,80,FTR-NM,offload_ratio,100,8.75,,,8.75,2,24,1,matched_seed_blocks,not_estimated_n1
figS02_offload_common,common,30,RGA-MR,offload_ratio,100,0.0,0.0,0.0,0.0,23,24,8,matched_seed_blocks,descriptive_95_percent_scenario_bootstrap
figS02_offload_common,common,40,RGA-MR,offload_ratio,100,0.3125,0.0,0.9375000000000001,0.3125,24,24,8,matched_seed_blocks,descriptive_95_percent_scenario_bootstrap
figS02_offload_common,common,50,RGA-MR,offload_ratio,100,3.2380952380952377,1.9999999999999998,4.571428571428571,3.2380952380952377,21,24,7,matched_seed_blocks,descriptive_95_percent_scenario_bootstrap
figS02_offload_common,common,60,RGA-MR,offload_ratio,100,5.666666666666666,3.0,8.333333333333332,5.357142857142857,14,24,5,matched_seed_blocks,descriptive_95_percent_scenario_bootstrap
figS02_offload_common,common,70,RGA-MR,offload_ratio,100,8.57142857142857,7.142857142857142,10.000000000000002,8.16326530612245,7,24,3,matched_seed_blocks,descriptive_95_percent_scenario_bootstrap
figS02_offload_common,common,80,RGA-MR,offload_ratio,100,8.75,,,8.75,2,24,1,matched_seed_blocks,not_estimated_n1
figS02_offload_common,common,30,B-ALNS,offload_ratio,100,6.25,2.9166666666666665,10.0,6.521739130434782,23,24,8,matched_seed_blocks,descriptive_95_percent_scenario_bootstrap
figS02_offload_common,common,40,B-ALNS,offload_ratio,100,6.874999999999999,4.791666666666667,9.166666666666668,6.875000000000001,24,24,8,matched_seed_blocks,descriptive_95_percent_scenario_bootstrap
figS02_offload_common,common,50,B-ALNS,offload_ratio,100,8.761904761904761,7.7142857142857135,9.80952380952381,8.761904761904763,21,24,7,matched_seed_blocks,descriptive_95_percent_scenario_bootstrap
figS02_offload_common,common,60,B-ALNS,offload_ratio,100,11.944444444444443,9.0,15.611111111111109,11.428571428571429,14,24,5,matched_seed_blocks,descriptive_95_percent_scenario_bootstrap
figS02_offload_common,common,70,B-ALNS,offload_ratio,100,9.206349206349206,6.666666666666667,11.428571428571429,8.571428571428571,7,24,3,matched_seed_blocks,descriptive_95_percent_scenario_bootstrap
figS02_offload_common,common,80,B-ALNS,offload_ratio,100,16.249999999999996,,,16.249999999999996,2,24,1,matched_seed_blocks,not_estimated_n1
figS02_offload_common,common,30,ESI-ALNS,offload_ratio,100,6.458333333333334,3.75,9.583333333333334,6.666666666666667,23,24,8,matched_seed_blocks,descriptive_95_percent_scenario_bootstrap
figS02_offload_common,common,40,ESI-ALNS,offload_ratio,100,6.979166666666667,5.0,9.0625,6.979166666666667,24,24,8,matched_seed_blocks,descriptive_95_percent_scenario_bootstrap
figS02_offload_common,common,50,ESI-ALNS,offload_ratio,100,8.571428571428573,7.333333333333333,9.619047619047619,8.571428571428571,21,24,7,matched_seed_blocks,descriptive_95_percent_scenario_bootstrap
figS02_offload_common,common,60,ESI-ALNS,offload_ratio,100,11.38888888888889,8.222222222222223,15.388888888888888,10.833333333333334,14,24,5,matched_seed_blocks,descriptive_95_percent_scenario_bootstrap
figS02_offload_common,common,70,ESI-ALNS,offload_ratio,100,9.523809523809524,6.666666666666667,11.428571428571429,8.979591836734693,7,24,3,matched_seed_blocks,descriptive_95_percent_scenario_bootstrap
figS02_offload_common,common,80,ESI-ALNS,offload_ratio,100,16.249999999999996,,,16.249999999999996,2,24,1,matched_seed_blocks,not_estimated_n1
figS03_energy_conditional,conditional,30,GR-MR,stage1_energy_j,0.001,195.0413179654758,186.21614431234326,203.8664916186083,195.0413179654758,8,8,8,actual_method_runs,descriptive_95_percent_scenario_bootstrap
figS03_energy_conditional,conditional,40,GR-MR,stage1_energy_j,0.001,210.50145020226628,202.61709539059677,219.27615500165734,210.50145020226626,8,8,8,actual_method_runs,descriptive_95_percent_scenario_bootstrap
figS03_energy_conditional,conditional,50,GR-MR,stage1_energy_j,0.001,226.4492785790311,221.76710967511573,231.10503785602035,226.44927857903113,7,8,7,actual_method_runs,descriptive_95_percent_scenario_bootstrap
figS03_energy_conditional,conditional,60,GR-MR,stage1_energy_j,0.001,230.1841713570319,223.485238322068,236.88856532304854,230.18417135703186,6,8,6,actual_method_runs,descriptive_95_percent_scenario_bootstrap
figS03_energy_conditional,conditional,70,GR-MR,stage1_energy_j,0.001,246.87167119825259,243.8240777917188,249.4529461785463,246.87167119825259,3,8,3,actual_method_runs,descriptive_95_percent_scenario_bootstrap
figS03_energy_conditional,conditional,80,GR-MR,stage1_energy_j,0.001,262.76234853923796,,,262.76234853923796,1,8,1,actual_method_runs,not_estimated_n1
figS03_energy_conditional,conditional,30,FTR-NM,stage1_energy_j,0.001,195.0413179654758,186.21614431234326,203.8664916186083,195.0413179654758,8,8,8,actual_method_runs,descriptive_95_percent_scenario_bootstrap
figS03_energy_conditional,conditional,40,FTR-NM,stage1_energy_j,0.001,210.5148948600102,202.6296960320925,219.29830877045646,210.51489486001017,8,8,8,actual_method_runs,descriptive_95_percent_scenario_bootstrap
figS03_energy_conditional,conditional,50,FTR-NM,stage1_energy_j,0.001,227.8252251955765,222.7469091917714,233.38650454161152,227.8252251955765,8,8,8,actual_method_runs,descriptive_95_percent_scenario_bootstrap
figS03_energy_conditional,conditional,60,FTR-NM,stage1_energy_j,0.001,231.14566555926567,225.831091963763,236.46023915476835,231.14566555926567,5,8,5,actual_method_runs,descriptive_95_percent_scenario_bootstrap
figS03_energy_conditional,conditional,70,FTR-NM,stage1_energy_j,0.001,253.86202491897765,250.00903386443613,260.83307556708843,253.86202491897765,3,8,3,actual_method_runs,descriptive_95_percent_scenario_bootstrap
figS03_energy_conditional,conditional,80,FTR-NM,stage1_energy_j,0.001,258.42980898600814,,,258.42980898600814,1,8,1,actual_method_runs,not_estimated_n1
figS03_energy_conditional,conditional,30,RGA-MR,stage1_energy_j,0.001,192.6113136055937,184.11792395184432,201.17332066901693,192.61131360559372,24,24,8,actual_method_runs,descriptive_95_percent_scenario_bootstrap
figS03_energy_conditional,conditional,40,RGA-MR,stage1_energy_j,0.001,210.24920253648537,202.30387800147588,219.09666908377497,210.24920253648537,24,24,8,actual_method_runs,descriptive_95_percent_scenario_bootstrap
figS03_energy_conditional,conditional,50,RGA-MR,stage1_energy_j,0.001,227.39220985379606,222.5592038735045,232.0193855931769,227.3922098537961,24,24,8,actual_method_runs,descriptive_95_percent_scenario_bootstrap
figS03_energy_conditional,conditional,60,RGA-MR,stage1_energy_j,0.001,233.11967778338365,223.6507741230263,244.78165797424563,233.11967778338362,18,24,6,actual_method_runs,descriptive_95_percent_scenario_bootstrap
figS03_energy_conditional,conditional,70,RGA-MR,stage1_energy_j,0.001,246.41765516393167,243.8240777917188,248.09089807558354,246.41765516393167,9,24,3,actual_method_runs,descriptive_95_percent_scenario_bootstrap
figS03_energy_conditional,conditional,80,RGA-MR,stage1_energy_j,0.001,262.76234853923796,,,262.76234853923796,3,24,1,actual_method_runs,not_estimated_n1
figS03_energy_conditional,conditional,30,B-ALNS,stage1_energy_j,0.001,119.2713761051734,112.7142903520501,124.681945178287,118.98589968833608,23,24,8,actual_method_runs,descriptive_95_percent_scenario_bootstrap
figS03_energy_conditional,conditional,40,B-ALNS,stage1_energy_j,0.001,139.44573215553262,131.67486214321002,148.28393892182558,139.44573215553262,24,24,8,actual_method_runs,descriptive_95_percent_scenario_bootstrap
figS03_energy_conditional,conditional,50,B-ALNS,stage1_energy_j,0.001,165.9669504508527,158.39011518327783,173.24316197569067,165.96695045085266,24,24,8,actual_method_runs,descriptive_95_percent_scenario_bootstrap
figS03_energy_conditional,conditional,60,B-ALNS,stage1_energy_j,0.001,178.52537532407686,173.78460012759948,183.99414864971598,178.81790856239513,23,24,8,actual_method_runs,descriptive_95_percent_scenario_bootstrap
figS03_energy_conditional,conditional,70,B-ALNS,stage1_energy_j,0.001,208.07280768533894,203.05365998494347,215.33157358024422,208.32142811295716,22,24,8,actual_method_runs,descriptive_95_percent_scenario_bootstrap
figS03_energy_conditional,conditional,80,B-ALNS,stage1_energy_j,0.001,225.40939431981604,218.94802599471524,232.70003213893347,226.0060737241967,21,24,8,actual_method_runs,descriptive_95_percent_scenario_bootstrap
figS03_energy_conditional,conditional,30,ESI-ALNS,stage1_energy_j,0.001,118.85469458947311,111.56313849466211,124.66453215616353,118.55175223111115,23,24,8,actual_method_runs,descriptive_95_percent_scenario_bootstrap
figS03_energy_conditional,conditional,40,ESI-ALNS,stage1_energy_j,0.001,139.15496193778222,131.55708953901643,147.87590484904496,139.15496193778222,24,24,8,actual_method_runs,descriptive_95_percent_scenario_bootstrap
figS03_energy_conditional,conditional,50,ESI-ALNS,stage1_energy_j,0.001,163.46790867366587,156.8651769768894,170.0667578310848,162.95217120506229,23,24,8,actual_method_runs,descriptive_95_percent_scenario_bootstrap
figS03_energy_conditional,conditional,60,ESI-ALNS,stage1_energy_j,0.001,177.14601211932023,173.11043316178768,181.73440938714538,177.38388373133733,23,24,8,actual_method_runs,descriptive_95_percent_scenario_bootstrap
figS03_energy_conditional,conditional,70,ESI-ALNS,stage1_energy_j,0.001,205.4250212391313,200.9723031313293,212.4231723119022,205.86568999961776,22,24,8,actual_method_runs,descriptive_95_percent_scenario_bootstrap
figS03_energy_conditional,conditional,80,ESI-ALNS,stage1_energy_j,0.001,223.99515222819085,218.03148004925407,230.31326740460904,224.41688561887685,21,24,8,actual_method_runs,descriptive_95_percent_scenario_bootstrap
figS04_route_common,common,30,GR-MR,total_distance_m,0.001,10.491480907385842,10.002899401306463,10.979584241550736,10.520780425321284,23,24,8,matched_seed_blocks,descriptive_95_percent_scenario_bootstrap
figS04_route_common,common,40,GR-MR,total_distance_m,0.001,11.230638757861142,10.793220032345387,11.719675674994921,11.230638757861142,24,24,8,matched_seed_blocks,descriptive_95_percent_scenario_bootstrap
figS04_route_common,common,50,GR-MR,total_distance_m,0.001,11.983894739387573,11.72477810590784,12.241873264825909,11.983894739387573,21,24,7,matched_seed_blocks,descriptive_95_percent_scenario_bootstrap
figS04_route_common,common,60,GR-MR,total_distance_m,0.001,11.921370321693782,11.598778969033976,12.243961674353594,11.935656155546292,14,24,5,matched_seed_blocks,descriptive_95_percent_scenario_bootstrap
figS04_route_common,common,70,GR-MR,total_distance_m,0.001,12.8146759249073,12.65208998759729,12.97253475724919,12.813325323487838,7,24,3,matched_seed_blocks,descriptive_95_percent_scenario_bootstrap
figS04_route_common,common,80,GR-MR,total_distance_m,0.001,13.538917180083896,,,13.538917180083896,2,24,1,matched_seed_blocks,not_estimated_n1
figS04_route_common,common,30,FTR-NM,total_distance_m,0.001,10.491480907385842,10.002899401306463,10.979584241550736,10.520780425321284,23,24,8,matched_seed_blocks,descriptive_95_percent_scenario_bootstrap
figS04_route_common,common,40,FTR-NM,total_distance_m,0.001,11.23098573366214,10.793672444368768,11.719675674994921,11.230985733662138,24,24,8,matched_seed_blocks,descriptive_95_percent_scenario_bootstrap
figS04_route_common,common,50,FTR-NM,total_distance_m,0.001,12.037681440398638,11.725596313191406,12.391991714707789,12.037681440398636,21,24,7,matched_seed_blocks,descriptive_95_percent_scenario_bootstrap
figS04_route_common,common,60,FTR-NM,total_distance_m,0.001,12.094129206458206,11.822191200776619,12.366067212139795,12.093708390456467,14,24,5,matched_seed_blocks,descriptive_95_percent_scenario_bootstrap
figS04_route_common,common,70,FTR-NM,total_distance_m,0.001,13.16047982062067,12.94602599529677,13.557312379786113,13.212588030289682,7,24,3,matched_seed_blocks,descriptive_95_percent_scenario_bootstrap
figS04_route_common,common,80,FTR-NM,total_distance_m,0.001,13.28465969988547,,,13.28465969988547,2,24,1,matched_seed_blocks,not_estimated_n1
figS04_route_common,common,30,RGA-MR,total_distance_m,0.001,10.362271215526981,9.89563885655978,10.834566945850824,10.385952920772906,23,24,8,matched_seed_blocks,descriptive_95_percent_scenario_bootstrap
figS04_route_common,common,40,RGA-MR,total_distance_m,0.001,11.216618287783483,10.776286831405228,11.709332899478147,11.216618287783483,24,24,8,matched_seed_blocks,descriptive_95_percent_scenario_bootstrap
figS04_route_common,common,50,RGA-MR,total_distance_m,0.001,11.967439447063178,11.702850582891791,12.234735621648651,11.967439447063176,21,24,7,matched_seed_blocks,descriptive_95_percent_scenario_bootstrap
figS04_route_common,common,60,RGA-MR,total_distance_m,0.001,11.919743219514418,11.59552476467524,12.243961674353594,11.933912831782685,14,24,5,matched_seed_blocks,descriptive_95_percent_scenario_bootstrap
figS04_route_common,common,70,RGA-MR,total_distance_m,0.001,12.789418676650996,12.65208998759729,12.896763012480276,12.780851718586876,7,24,3,matched_seed_blocks,descriptive_95_percent_scenario_bootstrap
figS04_route_common,common,80,RGA-MR,total_distance_m,0.001,13.538917180083896,,,13.538917180083896,2,24,1,matched_seed_blocks,not_estimated_n1
figS04_route_common,common,30,B-ALNS,total_distance_m,0.001,6.258635593542438,5.8934399869658805,6.562262045827649,6.242075898056346,23,24,8,matched_seed_blocks,descriptive_95_percent_scenario_bootstrap
figS04_route_common,common,40,B-ALNS,total_distance_m,0.001,7.25018462526176,6.822480058359406,7.742790086049256,7.2501846252617606,24,24,8,matched_seed_blocks,descriptive_95_percent_scenario_bootstrap
figS04_route_common,common,50,B-ALNS,total_distance_m,0.001,8.481187718475852,8.054951700641148,8.893071514001099,8.481187718475852,21,24,7,matched_seed_blocks,descriptive_95_percent_scenario_bootstrap
figS04_route_common,common,60,B-ALNS,total_distance_m,0.001,8.969165126917153,8.709821898018145,9.25072011932223,8.988987469499046,14,24,5,matched_seed_blocks,descriptive_95_percent_scenario_bootstrap
figS04_route_common,common,70,B-ALNS,total_distance_m,0.001,10.581649657572997,10.394230546377422,10.84338345733314,10.602882425734302,7,24,3,matched_seed_blocks,descriptive_95_percent_scenario_bootstrap
figS04_route_common,common,80,B-ALNS,total_distance_m,0.001,10.579753884748685,,,10.579753884748685,2,24,1,matched_seed_blocks,not_estimated_n1
figS04_route_common,common,30,ESI-ALNS,total_distance_m,0.001,6.236225556999915,5.831479946086008,6.561916887254986,6.21869151209893,23,24,8,matched_seed_blocks,descriptive_95_percent_scenario_bootstrap
figS04_route_common,common,40,ESI-ALNS,total_distance_m,0.001,7.23591278684136,6.815778780452627,7.722106288321061,7.235912786841359,24,24,8,matched_seed_blocks,descriptive_95_percent_scenario_bootstrap
figS04_route_common,common,50,ESI-ALNS,total_distance_m,0.001,8.355418785267425,7.982563957285673,8.736507182752497,8.355418785267423,21,24,7,matched_seed_blocks,descriptive_95_percent_scenario_bootstrap
figS04_route_common,common,60,ESI-ALNS,total_distance_m,0.001,8.964756369189375,8.709146338578325,9.248011357009613,8.98453040714843,14,24,5,matched_seed_blocks,descriptive_95_percent_scenario_bootstrap
figS04_route_common,common,70,ESI-ALNS,total_distance_m,0.001,10.3866834682469,10.242234829826419,10.63657910401533,10.427954507795608,7,24,3,matched_seed_blocks,descriptive_95_percent_scenario_bootstrap
figS04_route_common,common,80,ESI-ALNS,total_distance_m,0.001,10.577485837139363,,,10.577485837139363,2,24,1,matched_seed_blocks,not_estimated_n1
