tasks,method,observed,stage1_qualified,stage2_qualified,both_stages_qualified,failed,valid_independent_scenarios,scheduled_independent_scenarios,common_valid_blocks,common_valid_independent_scenarios
30,GR-MR,8,8,8,8,0,8,8,23,8
30,FTR-NM,8,8,8,8,0,8,8,23,8
30,RGA-MR,24,24,24,24,0,8,8,23,8
30,B-ALNS,24,23,23,23,1,8,8,23,8
30,ESI-ALNS,24,23,23,23,1,8,8,23,8
40,GR-MR,8,8,8,8,0,8,8,24,8
40,FTR-NM,8,8,8,8,0,8,8,24,8
40,RGA-MR,24,24,24,24,0,8,8,24,8
40,B-ALNS,24,24,24,24,0,8,8,24,8
40,ESI-ALNS,24,24,24,24,0,8,8,24,8
50,GR-MR,8,7,7,7,1,7,8,21,7
50,FTR-NM,8,8,8,8,0,8,8,21,7
50,RGA-MR,24,24,24,24,0,8,8,21,7
50,B-ALNS,24,24,24,24,0,8,8,21,7
50,ESI-ALNS,24,23,23,23,1,8,8,21,7
60,GR-MR,8,6,6,6,2,6,8,14,5
60,FTR-NM,8,5,5,5,3,5,8,14,5
60,RGA-MR,24,18,18,18,6,6,8,14,5
60,B-ALNS,24,23,23,23,1,8,8,14,5
60,ESI-ALNS,24,23,23,23,1,8,8,14,5
70,GR-MR,8,3,3,3,5,3,8,7,3
70,FTR-NM,8,3,3,3,5,3,8,7,3
70,RGA-MR,24,9,9,9,15,3,8,7,3
70,B-ALNS,24,22,22,22,2,8,8,7,3
70,ESI-ALNS,24,22,22,22,2,8,8,7,3
80,GR-MR,8,1,1,1,7,1,8,2,1
80,FTR-NM,8,1,1,1,7,1,8,2,1
80,RGA-MR,24,3,3,3,21,1,8,2,1
80,B-ALNS,24,21,21,21,3,8,8,2,1
80,ESI-ALNS,24,21,21,21,3,8,8,2,1
