tasks,scenario_seed,algorithm_seed,method,comparison,metric,difference,energy_tolerance_j
50,45,100,fixed_contacts,stage2_minus_stage1,normalized_cpu,-0.5946097701451982,1.8612489578888476
50,45,100,fixed_contacts,stage2_minus_stage1,energy_j,1.5574118086369708,1.8612489578888476
50,45,100,fixed_contacts,stage2_minus_stage1,mean_delay_s,-0.9476580538443216,1.8612489578888476
50,45,100,fixed_contacts,stage2_minus_stage1,p95_delay_s,-0.5394210242562849,1.8612489578888476
50,45,100,fixed_contacts,stage2_minus_stage1,min_deadline_slack_s,1.237305014001322e-08,1.8612489578888476
50,45,100,fixed_task_route,stage2_minus_stage1,normalized_cpu,-0.6633104838865874,2.3350669122147827
50,45,100,fixed_task_route,stage2_minus_stage1,energy_j,1.9385970457806252,2.3350669122147827
50,45,100,fixed_task_route,stage2_minus_stage1,mean_delay_s,0.8134099530934407,2.3350669122147827
50,45,100,fixed_task_route,stage2_minus_stage1,p95_delay_s,-0.7362369139692646,2.3350669122147827
50,45,100,fixed_task_route,stage2_minus_stage1,min_deadline_slack_s,3.1917790010993485e-07,2.3350669122147827
50,45,100,full,stage2_minus_stage1,normalized_cpu,-0.9017349792223253,1.7513615684301027
50,45,100,full,stage2_minus_stage1,energy_j,1.4567757093464024,1.7513615684301027
50,45,100,full,stage2_minus_stage1,mean_delay_s,1.4470679267443245,1.7513615684301027
50,45,100,full,stage2_minus_stage1,p95_delay_s,-0.8365247681694541,1.7513615684301027
50,45,100,full,stage2_minus_stage1,min_deadline_slack_s,2.8740203106281115e-07,1.7513615684301027
50,45,101,fixed_contacts,stage2_minus_stage1,normalized_cpu,-0.5652034648061471,1.9612974834769767
50,45,101,fixed_contacts,stage2_minus_stage1,energy_j,1.631384616077412,1.9612974834769767
50,45,101,fixed_contacts,stage2_minus_stage1,mean_delay_s,0.12579752871192795,1.9612974834769767
50,45,101,fixed_contacts,stage2_minus_stage1,p95_delay_s,-0.8755084365756716,1.9612974834769767
50,45,101,fixed_contacts,stage2_minus_stage1,min_deadline_slack_s,1.7108123984144186e-07,1.9612974834769767
50,45,101,fixed_task_route,stage2_minus_stage1,normalized_cpu,-0.6633104838865874,2.3350669122147827
50,45,101,fixed_task_route,stage2_minus_stage1,energy_j,1.9385970457806252,2.3350669122147827
50,45,101,fixed_task_route,stage2_minus_stage1,mean_delay_s,0.8134099530934407,2.3350669122147827
50,45,101,fixed_task_route,stage2_minus_stage1,p95_delay_s,-0.7362369139692646,2.3350669122147827
50,45,101,fixed_task_route,stage2_minus_stage1,min_deadline_slack_s,3.1917790010993485e-07,2.3350669122147827
50,45,101,full,stage2_minus_stage1,normalized_cpu,-0.6904667769188235,1.7409348217045963
50,45,101,full,stage2_minus_stage1,energy_j,1.4497018732945435,1.7409348217045963
50,45,101,full,stage2_minus_stage1,mean_delay_s,0.8987181161520823,1.7409348217045963
50,45,101,full,stage2_minus_stage1,p95_delay_s,-0.8014610558403774,1.7409348217045963
50,45,101,full,stage2_minus_stage1,min_deadline_slack_s,7.162469728427823e-08,1.7409348217045963
50,45,102,fixed_contacts,stage2_minus_stage1,normalized_cpu,-0.373542821142392,1.9768643651409694
50,45,102,fixed_contacts,stage2_minus_stage1,energy_j,1.6342991619894747,1.9768643651409694
50,45,102,fixed_contacts,stage2_minus_stage1,mean_delay_s,-0.6448240410145445,1.9768643651409694
50,45,102,fixed_contacts,stage2_minus_stage1,p95_delay_s,-6.099979007652166,1.9768643651409694
50,45,102,fixed_contacts,stage2_minus_stage1,min_deadline_slack_s,3.463986786300666e-08,1.9768643651409694
50,45,102,fixed_task_route,stage2_minus_stage1,normalized_cpu,-0.6633104838865874,2.3350669122147827
50,45,102,fixed_task_route,stage2_minus_stage1,energy_j,1.9385970457806252,2.3350669122147827
50,45,102,fixed_task_route,stage2_minus_stage1,mean_delay_s,0.8134099530934407,2.3350669122147827
50,45,102,fixed_task_route,stage2_minus_stage1,p95_delay_s,-0.7362369139692646,2.3350669122147827
50,45,102,fixed_task_route,stage2_minus_stage1,min_deadline_slack_s,3.1917790010993485e-07,2.3350669122147827
50,45,102,full,stage2_minus_stage1,normalized_cpu,-0.6818806371065524,1.7034469133521586
50,45,102,full,stage2_minus_stage1,energy_j,1.418897810013732,1.7034469133521586
50,45,102,full,stage2_minus_stage1,mean_delay_s,0.42023465647829994,1.7034469133521586
50,45,102,full,stage2_minus_stage1,p95_delay_s,-5.485097893117427,1.7034469133521586
50,45,102,full,stage2_minus_stage1,min_deadline_slack_s,-2.853698219951184e-07,1.7034469133521586
50,46,100,fixed_task_route,stage2_minus_stage1,normalized_cpu,-0.687461491061667,2.277685579358905
50,46,100,fixed_task_route,stage2_minus_stage1,energy_j,1.9005962202791125,2.277685579358905
50,46,100,fixed_task_route,stage2_minus_stage1,mean_delay_s,0.9336967253281614,2.277685579358905
50,46,100,fixed_task_route,stage2_minus_stage1,p95_delay_s,-2.973266125138366,2.277685579358905
50,46,100,fixed_task_route,stage2_minus_stage1,min_deadline_slack_s,-3.052036845474504e-09,2.277685579358905
50,46,101,fixed_contacts,stage2_minus_stage1,normalized_cpu,-1.2981947307863595,2.1106405940642485
50,46,101,fixed_contacts,stage2_minus_stage1,energy_j,1.7520785772358067,2.1106405940642485
50,46,101,fixed_contacts,stage2_minus_stage1,mean_delay_s,1.756707640891591,2.1106405940642485
50,46,101,fixed_contacts,stage2_minus_stage1,p95_delay_s,-0.3059774042088179,2.1106405940642485
50,46,101,fixed_contacts,stage2_minus_stage1,min_deadline_slack_s,2.696137642033136e-07,2.1106405940642485
50,46,101,fixed_task_route,stage2_minus_stage1,normalized_cpu,-0.687461491061667,2.277685579358905
50,46,101,fixed_task_route,stage2_minus_stage1,energy_j,1.9005962202791125,2.277685579358905
50,46,101,fixed_task_route,stage2_minus_stage1,mean_delay_s,0.9336967253281614,2.277685579358905
50,46,101,fixed_task_route,stage2_minus_stage1,p95_delay_s,-2.973266125138366,2.277685579358905
50,46,101,fixed_task_route,stage2_minus_stage1,min_deadline_slack_s,-3.052036845474504e-09,2.277685579358905
50,46,101,full,stage2_minus_stage1,normalized_cpu,-0.5147182938780563,1.8100084026500023
50,46,101,full,stage2_minus_stage1,energy_j,1.4957463624887168,1.8100084026500023
50,46,101,full,stage2_minus_stage1,mean_delay_s,-0.27623598791223003,1.8100084026500023
50,46,101,full,stage2_minus_stage1,p95_delay_s,-0.2075129279417638,1.8100084026500023
50,46,101,full,stage2_minus_stage1,min_deadline_slack_s,-1.3660616104971268e-07,1.8100084026500023
50,46,102,fixed_task_route,stage2_minus_stage1,normalized_cpu,-0.687461491061667,2.277685579358905
50,46,102,fixed_task_route,stage2_minus_stage1,energy_j,1.9005962202791125,2.277685579358905
50,46,102,fixed_task_route,stage2_minus_stage1,mean_delay_s,0.9336967253281614,2.277685579358905
50,46,102,fixed_task_route,stage2_minus_stage1,p95_delay_s,-2.973266125138366,2.277685579358905
50,46,102,fixed_task_route,stage2_minus_stage1,min_deadline_slack_s,-3.052036845474504e-09,2.277685579358905
50,47,100,fixed_task_route,stage2_minus_stage1,normalized_cpu,-0.18141998121223957,2.2416392622251293
50,47,100,fixed_task_route,stage2_minus_stage1,energy_j,2.2416391970182303,2.2416392622251293
50,47,100,fixed_task_route,stage2_minus_stage1,mean_delay_s,0.4542881617254011,2.2416392622251293
50,47,100,fixed_task_route,stage2_minus_stage1,p95_delay_s,1.3885471616958966e-07,2.2416392622251293
50,47,100,fixed_task_route,stage2_minus_stage1,min_deadline_slack_s,-5.588312887994107e-07,2.2416392622251293
50,47,100,full,stage2_minus_stage1,normalized_cpu,-0.22101241078581624,2.1096398123977993
50,47,100,full,stage2_minus_stage1,energy_j,2.1096396315842867,2.1096398123977993
50,47,100,full,stage2_minus_stage1,mean_delay_s,1.043901771067624,2.1096398123977993
50,47,100,full,stage2_minus_stage1,p95_delay_s,-5.4085091960587306e-08,2.1096398123977993
50,47,100,full,stage2_minus_stage1,min_deadline_slack_s,-3.4474891208446934e-07,2.1096398123977993
50,47,101,fixed_task_route,stage2_minus_stage1,normalized_cpu,-0.18141998121223957,2.2416392622251293
50,47,101,fixed_task_route,stage2_minus_stage1,energy_j,2.2416391970182303,2.2416392622251293
50,47,101,fixed_task_route,stage2_minus_stage1,mean_delay_s,0.4542881617254011,2.2416392622251293
50,47,101,fixed_task_route,stage2_minus_stage1,p95_delay_s,1.3885471616958966e-07,2.2416392622251293
50,47,101,fixed_task_route,stage2_minus_stage1,min_deadline_slack_s,-5.588312887994107e-07,2.2416392622251293
50,47,101,full,stage2_minus_stage1,normalized_cpu,-0.22101241078581624,2.1096398123977993
50,47,101,full,stage2_minus_stage1,energy_j,2.1096396315842867,2.1096398123977993
50,47,101,full,stage2_minus_stage1,mean_delay_s,1.043901771067624,2.1096398123977993
50,47,101,full,stage2_minus_stage1,p95_delay_s,-5.4085091960587306e-08,2.1096398123977993
50,47,101,full,stage2_minus_stage1,min_deadline_slack_s,-3.4474891208446934e-07,2.1096398123977993
50,47,102,fixed_task_route,stage2_minus_stage1,normalized_cpu,-0.18141998121223957,2.2416392622251293
50,47,102,fixed_task_route,stage2_minus_stage1,energy_j,2.2416391970182303,2.2416392622251293
50,47,102,fixed_task_route,stage2_minus_stage1,mean_delay_s,0.4542881617254011,2.2416392622251293
50,47,102,fixed_task_route,stage2_minus_stage1,p95_delay_s,1.3885471616958966e-07,2.2416392622251293
50,47,102,fixed_task_route,stage2_minus_stage1,min_deadline_slack_s,-5.588312887994107e-07,2.2416392622251293
50,47,102,full,stage2_minus_stage1,normalized_cpu,-1.202446540770681,1.7254306436903508
50,47,102,full,stage2_minus_stage1,energy_j,0.08366456930525601,1.7254306436903508
50,47,102,full,stage2_minus_stage1,mean_delay_s,2.893490775482036,1.7254306436903508
50,47,102,full,stage2_minus_stage1,p95_delay_s,-0.02422183979632564,1.7254306436903508
50,47,102,full,stage2_minus_stage1,min_deadline_slack_s,-5.820403146117314e-07,1.7254306436903508
50,48,100,fixed_task_route,stage2_minus_stage1,normalized_cpu,-1.0543263509931389,2.2179031420286335
50,48,100,fixed_task_route,stage2_minus_stage1,energy_j,1.8511672664317302,2.2179031420286335
50,48,100,fixed_task_route,stage2_minus_stage1,mean_delay_s,1.7830057999315727,2.2179031420286335
50,48,100,fixed_task_route,stage2_minus_stage1,p95_delay_s,-2.574356135887001,2.2179031420286335
50,48,100,fixed_task_route,stage2_minus_stage1,min_deadline_slack_s,-8.12850089459971e-08,2.2179031420286335
50,48,100,full,stage2_minus_stage1,normalized_cpu,-0.5895217685446099,1.6674151811333824
50,48,100,full,stage2_minus_stage1,energy_j,1.389715432014782,1.6674151811333824
50,48,100,full,stage2_minus_stage1,mean_delay_s,0.3540259589228185,1.6674151811333824
50,48,100,full,stage2_minus_stage1,p95_delay_s,-0.39475953418951804,1.6674151811333824
50,48,100,full,stage2_minus_stage1,min_deadline_slack_s,-8.522638950125838e-08,1.6674151811333824
50,48,101,fixed_task_route,stage2_minus_stage1,normalized_cpu,-1.0543263509931389,2.2179031420286335
50,48,101,fixed_task_route,stage2_minus_stage1,energy_j,1.8511672664317302,2.2179031420286335
50,48,101,fixed_task_route,stage2_minus_stage1,mean_delay_s,1.7830057999315727,2.2179031420286335
50,48,101,fixed_task_route,stage2_minus_stage1,p95_delay_s,-2.574356135887001,2.2179031420286335
50,48,101,fixed_task_route,stage2_minus_stage1,min_deadline_slack_s,-8.12850089459971e-08,2.2179031420286335
50,48,101,full,stage2_minus_stage1,normalized_cpu,-0.643433468948614,1.6834147414907594
50,48,101,full,stage2_minus_stage1,energy_j,1.4058806076354813,1.6834147414907594
50,48,101,full,stage2_minus_stage1,mean_delay_s,0.01138402554082063,1.6834147414907594
50,48,101,full,stage2_minus_stage1,p95_delay_s,-1.2196180090684265,1.6834147414907594
50,48,101,full,stage2_minus_stage1,min_deadline_slack_s,1.5292590660465066e-07,1.6834147414907594
50,48,102,fixed_contacts,stage2_minus_stage1,normalized_cpu,-1.345318743376641,1.6546480083287771
50,48,102,fixed_contacts,stage2_minus_stage1,energy_j,1.3655966790101957,1.6546480083287771
50,48,102,fixed_contacts,stage2_minus_stage1,mean_delay_s,2.1178080651772007,1.6546480083287771
50,48,102,fixed_contacts,stage2_minus_stage1,p95_delay_s,-0.26326797613904773,1.6546480083287771
50,48,102,fixed_contacts,stage2_minus_stage1,min_deadline_slack_s,1.1425481716287322e-07,1.6546480083287771
50,48,102,fixed_task_route,stage2_minus_stage1,normalized_cpu,-1.0543263509931389,2.2179031420286335
50,48,102,fixed_task_route,stage2_minus_stage1,energy_j,1.8511672664317302,2.2179031420286335
50,48,102,fixed_task_route,stage2_minus_stage1,mean_delay_s,1.7830057999315727,2.2179031420286335
50,48,102,fixed_task_route,stage2_minus_stage1,p95_delay_s,-2.574356135887001,2.2179031420286335
50,48,102,fixed_task_route,stage2_minus_stage1,min_deadline_slack_s,-8.12850089459971e-08,2.2179031420286335
50,48,102,full,stage2_minus_stage1,normalized_cpu,-1.3182913210346288,1.6196493574328765
50,48,102,full,stage2_minus_stage1,energy_j,1.3339279403735418,1.6196493574328765
50,48,102,full,stage2_minus_stage1,mean_delay_s,0.602535298708375,1.6196493574328765
50,48,102,full,stage2_minus_stage1,p95_delay_s,-0.3253359222501899,1.6196493574328765
50,48,102,full,stage2_minus_stage1,min_deadline_slack_s,1.8040847749034583e-07,1.6196493574328765
50,49,100,fixed_contacts,stage2_minus_stage1,normalized_cpu,0,1.6477303156598655
50,49,100,fixed_contacts,stage2_minus_stage1,energy_j,1.380249854089925,1.6477303156598655
50,49,100,fixed_contacts,stage2_minus_stage1,mean_delay_s,-0.20559961825890127,1.6477303156598655
50,49,100,fixed_contacts,stage2_minus_stage1,p95_delay_s,-0.9532293321420866,1.6477303156598655
50,49,100,fixed_contacts,stage2_minus_stage1,min_deadline_slack_s,0.17706574706636502,1.6477303156598655
50,49,100,fixed_task_route,stage2_minus_stage1,normalized_cpu,0,2.1862956104221922
50,49,100,fixed_task_route,stage2_minus_stage1,energy_j,1.8383112967712805,2.1862956104221922
50,49,100,fixed_task_route,stage2_minus_stage1,mean_delay_s,-0.2714670084382078,2.1862956104221922
50,49,100,fixed_task_route,stage2_minus_stage1,p95_delay_s,-0.6031415781126839,2.1862956104221922
50,49,100,fixed_task_route,stage2_minus_stage1,min_deadline_slack_s,0.21360638508019747,2.1862956104221922
50,49,100,full,stage2_minus_stage1,normalized_cpu,-1.1519957367790543,1.6164444816149623
50,49,100,full,stage2_minus_stage1,energy_j,1.331603611150058,1.6164444816149623
50,49,100,full,stage2_minus_stage1,mean_delay_s,2.8577571594010465,1.6164444816149623
50,49,100,full,stage2_minus_stage1,p95_delay_s,15.310373566474539,1.6164444816149623
50,49,100,full,stage2_minus_stage1,min_deadline_slack_s,-1.3884290979149227e-06,1.6164444816149623
50,49,101,fixed_contacts,stage2_minus_stage1,normalized_cpu,0,1.6482183217530104
50,49,101,fixed_contacts,stage2_minus_stage1,energy_j,1.3915074934775475,1.6482183217530104
50,49,101,fixed_contacts,stage2_minus_stage1,mean_delay_s,-0.1794918653502009,1.6482183217530104
50,49,101,fixed_contacts,stage2_minus_stage1,p95_delay_s,-0.691796524249412,1.6482183217530104
50,49,101,fixed_contacts,stage2_minus_stage1,min_deadline_slack_s,0.13334693636721795,1.6482183217530104
50,49,101,fixed_task_route,stage2_minus_stage1,normalized_cpu,0,2.1862956104221922
50,49,101,fixed_task_route,stage2_minus_stage1,energy_j,1.8383112967712805,2.1862956104221922
50,49,101,fixed_task_route,stage2_minus_stage1,mean_delay_s,-0.2714670084382078,2.1862956104221922
50,49,101,fixed_task_route,stage2_minus_stage1,p95_delay_s,-0.6031415781126839,2.1862956104221922
50,49,101,fixed_task_route,stage2_minus_stage1,min_deadline_slack_s,0.21360638508019747,2.1862956104221922
50,49,101,full,stage2_minus_stage1,normalized_cpu,-1.155790079601512,1.6030441276561287
50,49,101,full,stage2_minus_stage1,energy_j,1.3374122805253137,1.6030441276561287
50,49,101,full,stage2_minus_stage1,mean_delay_s,2.615701510863232,1.6030441276561287
50,49,101,full,stage2_minus_stage1,p95_delay_s,-0.4520542079037,1.6030441276561287
50,49,101,full,stage2_minus_stage1,min_deadline_slack_s,2.909839281528548e-06,1.6030441276561287
50,49,102,fixed_contacts,stage2_minus_stage1,normalized_cpu,0,1.6606316008167727
50,49,102,fixed_contacts,stage2_minus_stage1,energy_j,1.3994285207008943,1.6606316008167727
50,49,102,fixed_contacts,stage2_minus_stage1,mean_delay_s,-0.21929070082012458,1.6606316008167727
50,49,102,fixed_contacts,stage2_minus_stage1,p95_delay_s,-0.4762234359177455,1.6606316008167727
50,49,102,fixed_contacts,stage2_minus_stage1,min_deadline_slack_s,0.1510245935839407,1.6606316008167727
50,49,102,fixed_task_route,stage2_minus_stage1,normalized_cpu,0,2.1862956104221922
50,49,102,fixed_task_route,stage2_minus_stage1,energy_j,1.8383112967712805,2.1862956104221922
50,49,102,fixed_task_route,stage2_minus_stage1,mean_delay_s,-0.2714670084382078,2.1862956104221922
50,49,102,fixed_task_route,stage2_minus_stage1,p95_delay_s,-0.6031415781126839,2.1862956104221922
50,49,102,fixed_task_route,stage2_minus_stage1,min_deadline_slack_s,0.21360638508019747,2.1862956104221922
50,49,102,full,stage2_minus_stage1,normalized_cpu,-1.2891050266159176,1.5884732629824572
50,49,102,full,stage2_minus_stage1,energy_j,1.3184055612946395,1.5884732629824572
50,49,102,full,stage2_minus_stage1,mean_delay_s,4.112471911570509,1.5884732629824572
50,49,102,full,stage2_minus_stage1,p95_delay_s,-0.2627703957948029,1.5884732629824572
50,49,102,full,stage2_minus_stage1,min_deadline_slack_s,3.7160697274885024e-07,1.5884732629824572
50,50,100,fixed_contacts,stage2_minus_stage1,normalized_cpu,-0.6742220649499422,1.8674699355989917
50,50,100,fixed_contacts,stage2_minus_stage1,energy_j,1.86531463402207,1.8674699355989917
50,50,100,fixed_contacts,stage2_minus_stage1,mean_delay_s,1.9169323152213167,1.8674699355989917
50,50,100,fixed_contacts,stage2_minus_stage1,p95_delay_s,-0.0003379872185291788,1.8674699355989917
50,50,100,fixed_contacts,stage2_minus_stage1,min_deadline_slack_s,0.0001259878699784167,1.8674699355989917
50,50,100,fixed_task_route,stage2_minus_stage1,normalized_cpu,-0.6082113317366866,2.1808162475146267
50,50,100,fixed_task_route,stage2_minus_stage1,energy_j,1.8229526923969388,2.1808162475146267
50,50,100,fixed_task_route,stage2_minus_stage1,mean_delay_s,0.7702260791224944,2.1808162475146267
50,50,100,fixed_task_route,stage2_minus_stage1,p95_delay_s,-0.9013884676361386,2.1808162475146267
50,50,100,fixed_task_route,stage2_minus_stage1,min_deadline_slack_s,6.026926655522402e-07,2.1808162475146267
50,50,100,full,stage2_minus_stage1,normalized_cpu,0,1.8836290093974386
50,50,100,full,stage2_minus_stage1,energy_j,1.578494459419744,1.8836290093974386
50,50,100,full,stage2_minus_stage1,mean_delay_s,-0.43298967122683507,1.8836290093974386
50,50,100,full,stage2_minus_stage1,p95_delay_s,-0.7699608663087361,1.8836290093974386
50,50,100,full,stage2_minus_stage1,min_deadline_slack_s,0.13613455479315917,1.8836290093974386
50,50,101,fixed_contacts,stage2_minus_stage1,normalized_cpu,-0.6742095774986152,1.8491587236467428
50,50,101,fixed_contacts,stage2_minus_stage1,energy_j,1.8446587471989915,1.8491587236467428
50,50,101,fixed_contacts,stage2_minus_stage1,mean_delay_s,1.9499667801621001,1.8491587236467428
50,50,101,fixed_contacts,stage2_minus_stage1,p95_delay_s,-0.000522741085603684,1.8491587236467428
50,50,101,fixed_contacts,stage2_minus_stage1,min_deadline_slack_s,0.00012280205416459467,1.8491587236467428
50,50,101,fixed_task_route,stage2_minus_stage1,normalized_cpu,-0.6082113317366866,2.1808162475146267
50,50,101,fixed_task_route,stage2_minus_stage1,energy_j,1.8229526923969388,2.1808162475146267
50,50,101,fixed_task_route,stage2_minus_stage1,mean_delay_s,0.7702260791224944,2.1808162475146267
50,50,101,fixed_task_route,stage2_minus_stage1,p95_delay_s,-0.9013884676361386,2.1808162475146267
50,50,101,fixed_task_route,stage2_minus_stage1,min_deadline_slack_s,6.026926655522402e-07,2.1808162475146267
50,50,101,full,stage2_minus_stage1,normalized_cpu,-0.3444396673210002,1.9064011658375688
50,50,101,full,stage2_minus_stage1,energy_j,1.6008893543912563,1.9064011658375688
50,50,101,full,stage2_minus_stage1,mean_delay_s,-0.08346724924427917,1.9064011658375688
50,50,101,full,stage2_minus_stage1,p95_delay_s,-0.8136215885975275,1.9064011658375688
50,50,101,full,stage2_minus_stage1,min_deadline_slack_s,7.840804983061389e-08,1.9064011658375688
50,50,102,fixed_contacts,stage2_minus_stage1,normalized_cpu,-0.6986972098029368,1.8173627417207003
50,50,102,fixed_contacts,stage2_minus_stage1,energy_j,1.7920293878414668,1.8173627417207003
50,50,102,fixed_contacts,stage2_minus_stage1,mean_delay_s,3.738389338075649,1.8173627417207003
50,50,102,fixed_contacts,stage2_minus_stage1,p95_delay_s,-0.003194481767536672,1.8173627417207003
50,50,102,fixed_contacts,stage2_minus_stage1,min_deadline_slack_s,0.0010507848821248444,1.8173627417207003
50,50,102,fixed_task_route,stage2_minus_stage1,normalized_cpu,-0.6082113317366866,2.1808162475146267
50,50,102,fixed_task_route,stage2_minus_stage1,energy_j,1.8229526923969388,2.1808162475146267
50,50,102,fixed_task_route,stage2_minus_stage1,mean_delay_s,0.7702260791224944,2.1808162475146267
50,50,102,fixed_task_route,stage2_minus_stage1,p95_delay_s,-0.9013884676361386,2.1808162475146267
50,50,102,fixed_task_route,stage2_minus_stage1,min_deadline_slack_s,6.026926655522402e-07,2.1808162475146267
50,50,102,full,stage2_minus_stage1,normalized_cpu,-0.41641108799161536,1.7356594058693402
50,50,102,full,stage2_minus_stage1,energy_j,1.4474448784894776,1.7356594058693402
50,50,102,full,stage2_minus_stage1,mean_delay_s,0.09289430209619809,1.7356594058693402
50,50,102,full,stage2_minus_stage1,p95_delay_s,-0.3352865020996205,1.7356594058693402
50,50,102,full,stage2_minus_stage1,min_deadline_slack_s,1.9600662426455528e-07,1.7356594058693402
50,51,100,fixed_contacts,stage2_minus_stage1,normalized_cpu,-0.67415137618494,1.901256959244619
50,51,100,fixed_contacts,stage2_minus_stage1,energy_j,1.5821951329126023,1.901256959244619
50,51,100,fixed_contacts,stage2_minus_stage1,mean_delay_s,0.19819299200972296,1.901256959244619
50,51,100,fixed_contacts,stage2_minus_stage1,p95_delay_s,-0.3526017680922564,1.901256959244619
50,51,100,fixed_contacts,stage2_minus_stage1,min_deadline_slack_s,-1.4801315728618647e-08,1.901256959244619
50,51,100,fixed_task_route,stage2_minus_stage1,normalized_cpu,-0.4368212553271117,2.3370657239951393
50,51,100,fixed_task_route,stage2_minus_stage1,energy_j,1.9248033946496435,2.3370657239951393
50,51,100,fixed_task_route,stage2_minus_stage1,mean_delay_s,-0.38377476055902093,2.3370657239951393
50,51,100,fixed_task_route,stage2_minus_stage1,p95_delay_s,-0.5449673466154081,2.3370657239951393
50,51,100,fixed_task_route,stage2_minus_stage1,min_deadline_slack_s,8.510854740961804e-07,2.3370657239951393
50,51,100,full,stage2_minus_stage1,normalized_cpu,-0.6544667291329257,2.0998917232855527
50,51,100,full,stage2_minus_stage1,energy_j,1.7635538611211814,2.0998917232855527
50,51,100,full,stage2_minus_stage1,mean_delay_s,-0.0015790509418707188,2.0998917232855527
50,51,100,full,stage2_minus_stage1,p95_delay_s,-1.621958768758077,2.0998917232855527
50,51,100,full,stage2_minus_stage1,min_deadline_slack_s,-1.043918018694967e-08,2.0998917232855527
50,51,101,fixed_contacts,stage2_minus_stage1,normalized_cpu,-0.6731611031802354,2.0296603951843517
50,51,101,fixed_contacts,stage2_minus_stage1,energy_j,1.6926832625176758,2.0296603951843517
50,51,101,fixed_contacts,stage2_minus_stage1,mean_delay_s,0.21240953213757052,2.0296603951843517
50,51,101,fixed_contacts,stage2_minus_stage1,p95_delay_s,-0.2720616519989676,2.0296603951843517
50,51,101,fixed_contacts,stage2_minus_stage1,min_deadline_slack_s,2.621467274366296e-07,2.0296603951843517
50,51,101,fixed_task_route,stage2_minus_stage1,normalized_cpu,-0.4368212553271117,2.3370657239951393
50,51,101,fixed_task_route,stage2_minus_stage1,energy_j,1.9248033946496435,2.3370657239951393
50,51,101,fixed_task_route,stage2_minus_stage1,mean_delay_s,-0.38377476055902093,2.3370657239951393
50,51,101,fixed_task_route,stage2_minus_stage1,p95_delay_s,-0.5449673466154081,2.3370657239951393
50,51,101,fixed_task_route,stage2_minus_stage1,min_deadline_slack_s,8.510854740961804e-07,2.3370657239951393
50,51,101,full,stage2_minus_stage1,normalized_cpu,-0.5140208466264227,2.1007101452661097
50,51,101,full,stage2_minus_stage1,energy_j,2.1007015841896646,2.1007101452661097
50,51,101,full,stage2_minus_stage1,mean_delay_s,0.4992955658705114,2.1007101452661097
50,51,101,full,stage2_minus_stage1,p95_delay_s,1.454159939839883e-05,2.1007101452661097
50,51,101,full,stage2_minus_stage1,min_deadline_slack_s,-6.516980761261948e-06,2.1007101452661097
50,51,102,fixed_contacts,stage2_minus_stage1,normalized_cpu,-0.6712447681663367,1.951815905151347
50,51,102,fixed_contacts,stage2_minus_stage1,energy_j,1.5839992468827404,1.951815905151347
50,51,102,fixed_contacts,stage2_minus_stage1,mean_delay_s,-0.0012711011183625942,1.951815905151347
50,51,102,fixed_contacts,stage2_minus_stage1,p95_delay_s,-1.719068485498326,1.951815905151347
50,51,102,fixed_contacts,stage2_minus_stage1,min_deadline_slack_s,-1.924553316712263e-08,1.951815905151347
50,51,102,fixed_task_route,stage2_minus_stage1,normalized_cpu,-0.4368212553271117,2.3370657239951393
50,51,102,fixed_task_route,stage2_minus_stage1,energy_j,1.9248033946496435,2.3370657239951393
50,51,102,fixed_task_route,stage2_minus_stage1,mean_delay_s,-0.38377476055902093,2.3370657239951393
50,51,102,fixed_task_route,stage2_minus_stage1,p95_delay_s,-0.5449673466154081,2.3370657239951393
50,51,102,fixed_task_route,stage2_minus_stage1,min_deadline_slack_s,8.510854740961804e-07,2.3370657239951393
50,51,102,full,stage2_minus_stage1,normalized_cpu,-0.1918443399703179,1.9384044221566
50,51,102,full,stage2_minus_stage1,energy_j,1.6172554492368363,1.9384044221566
50,51,102,full,stage2_minus_stage1,mean_delay_s,-0.31529568541103004,1.9384044221566
50,51,102,full,stage2_minus_stage1,p95_delay_s,-1.5425765667278597,1.9384044221566
50,51,102,full,stage2_minus_stage1,min_deadline_slack_s,-1.248857302016404e-07,1.9384044221566
50,52,101,fixed_contacts,stage2_minus_stage1,normalized_cpu,-0.7096552632988711,1.9376761146356034
50,52,101,fixed_contacts,stage2_minus_stage1,energy_j,1.9376716285478324,1.9376761146356034
50,52,101,fixed_contacts,stage2_minus_stage1,mean_delay_s,2.9314115573060064,1.9376761146356034
50,52,101,fixed_contacts,stage2_minus_stage1,p95_delay_s,-4.688717120870933e-05,1.9376761146356034
50,52,101,fixed_contacts,stage2_minus_stage1,min_deadline_slack_s,-8.059265610427246e-08,1.9376761146356034
50,52,101,full,stage2_minus_stage1,normalized_cpu,-0.6182174660065869,1.8006342562545075
50,52,101,full,stage2_minus_stage1,energy_j,0.22513668626197614,1.8006342562545075
50,52,101,full,stage2_minus_stage1,mean_delay_s,0.38772622733193884,1.8006342562545075
50,52,101,full,stage2_minus_stage1,p95_delay_s,-0.06367213633996016,1.8006342562545075
50,52,101,full,stage2_minus_stage1,min_deadline_slack_s,-7.282761771421065e-08,1.8006342562545075
50,52,102,fixed_contacts,stage2_minus_stage1,normalized_cpu,-0.7185708911358624,1.9999021541554793
50,52,102,fixed_contacts,stage2_minus_stage1,energy_j,1.9998979527154006,1.9999021541554793
50,52,102,fixed_contacts,stage2_minus_stage1,mean_delay_s,2.205945903423469,1.9999021541554793
50,52,102,fixed_contacts,stage2_minus_stage1,p95_delay_s,-2.5044083429293096e-05,1.9999021541554793
50,52,102,fixed_contacts,stage2_minus_stage1,min_deadline_slack_s,-1.4904117051628418e-08,1.9999021541554793
50,52,102,full,stage2_minus_stage1,normalized_cpu,-0.5981920351404895,1.9660307038817912
50,52,102,full,stage2_minus_stage1,energy_j,1.6415105505730025,1.9660307038817912
50,52,102,full,stage2_minus_stage1,mean_delay_s,0.061185730624089274,1.9660307038817912
50,52,102,full,stage2_minus_stage1,p95_delay_s,-0.5110752066770488,1.9660307038817912
50,52,102,full,stage2_minus_stage1,min_deadline_slack_s,8.672185458635795e-08,1.9660307038817912
80,45,102,full,stage2_minus_stage1,normalized_cpu,-1.3617920502992953,2.5008420212146327
80,45,102,full,stage2_minus_stage1,energy_j,2.5011113405635115,2.5008420212146327
80,45,102,full,stage2_minus_stage1,mean_delay_s,3.308999048125969,2.5008420212146327
80,45,102,full,stage2_minus_stage1,p95_delay_s,-1.46249385579722e-06,2.5008420212146327
80,45,102,full,stage2_minus_stage1,min_deadline_slack_s,-5.663977725589575e-05,2.5008420212146327
80,46,100,full,stage2_minus_stage1,normalized_cpu,-1.0403100682997624,2.3448155711835885
80,46,100,full,stage2_minus_stage1,energy_j,2.344815323856892,2.3448155711835885
80,46,100,full,stage2_minus_stage1,mean_delay_s,2.1038065424585284,2.3448155711835885
80,46,100,full,stage2_minus_stage1,p95_delay_s,17.435187691921954,2.3448155711835885
80,46,100,full,stage2_minus_stage1,min_deadline_slack_s,-3.822227085947816e-07,2.3448155711835885
80,47,100,full,stage2_minus_stage1,normalized_cpu,-0.7398611840167095,2.385159227029062
80,47,100,full,stage2_minus_stage1,energy_j,2.3851560651382897,2.385159227029062
80,47,100,full,stage2_minus_stage1,mean_delay_s,2.437996187345533,2.385159227029062
80,47,100,full,stage2_minus_stage1,p95_delay_s,4.432445064139756e-05,2.385159227029062
80,47,100,full,stage2_minus_stage1,min_deadline_slack_s,-7.85277046588817e-06,2.385159227029062
80,48,100,full,stage2_minus_stage1,normalized_cpu,-1.2954571781190207,2.3574058680033483
80,48,100,full,stage2_minus_stage1,energy_j,2.35740120743867,2.3574058680033483
80,48,100,full,stage2_minus_stage1,mean_delay_s,3.582951776850905,2.3574058680033483
80,48,100,full,stage2_minus_stage1,p95_delay_s,-3.322504392144765e-05,2.3574058680033483
80,48,100,full,stage2_minus_stage1,min_deadline_slack_s,8.243375759775518e-08,2.3574058680033483
80,48,101,fixed_contacts,stage2_minus_stage1,normalized_cpu,-1.4853104411771865,2.274801880062072
80,48,101,fixed_contacts,stage2_minus_stage1,energy_j,2.274796520883683,2.274801880062072
80,48,101,fixed_contacts,stage2_minus_stage1,mean_delay_s,9.115756682658287,2.274801880062072
80,48,101,fixed_contacts,stage2_minus_stage1,p95_delay_s,-3.5705604716440575e-05,2.274801880062072
80,48,101,fixed_contacts,stage2_minus_stage1,min_deadline_slack_s,-1.6163077134478954e-06,2.274801880062072
80,48,101,full,stage2_minus_stage1,normalized_cpu,-1.0697321452212338,2.294341856904172
80,48,101,full,stage2_minus_stage1,energy_j,2.2943359637865797,2.294341856904172
80,48,101,full,stage2_minus_stage1,mean_delay_s,2.9005473052121147,2.294341856904172
80,48,101,full,stage2_minus_stage1,p95_delay_s,-5.202195950460009e-06,2.294341856904172
80,48,101,full,stage2_minus_stage1,min_deadline_slack_s,-3.089968458880321e-08,2.294341856904172
80,48,102,fixed_contacts,stage2_minus_stage1,normalized_cpu,-1.3596800205059938,2.370290294441852
80,48,102,fixed_contacts,stage2_minus_stage1,energy_j,2.370289059152128,2.370290294441852
80,48,102,fixed_contacts,stage2_minus_stage1,mean_delay_s,5.5605853952579025,2.370290294441852
80,48,102,fixed_contacts,stage2_minus_stage1,p95_delay_s,-9.904171633934311e-07,2.370290294441852
80,48,102,fixed_contacts,stage2_minus_stage1,min_deadline_slack_s,-1.2464056453609373e-07,2.370290294441852
80,48,102,full,stage2_minus_stage1,normalized_cpu,-0.3752536499661704,2.2356634390401835
80,48,102,full,stage2_minus_stage1,energy_j,2.235663198749535,2.2356634390401835
80,48,102,full,stage2_minus_stage1,mean_delay_s,0.9749757737519076,2.2356634390401835
80,48,102,full,stage2_minus_stage1,p95_delay_s,4.778443667419197e-07,2.2356634390401835
80,48,102,full,stage2_minus_stage1,min_deadline_slack_s,-2.3270737870006997e-07,2.2356634390401835
80,49,100,fixed_contacts,stage2_minus_stage1,normalized_cpu,-1.2391538386650214,2.4691544803144585
80,49,100,fixed_contacts,stage2_minus_stage1,energy_j,2.4691508222022094,2.4691544803144585
80,49,100,fixed_contacts,stage2_minus_stage1,mean_delay_s,1.9414387197745668,2.4691544803144585
80,49,100,fixed_contacts,stage2_minus_stage1,p95_delay_s,5.049318474448228e-07,2.4691544803144585
80,49,100,fixed_contacts,stage2_minus_stage1,min_deadline_slack_s,-5.029514795751311e-07,2.4691544803144585
80,49,101,fixed_contacts,stage2_minus_stage1,normalized_cpu,-1.2053468936195144,2.46437252562321
80,49,101,fixed_contacts,stage2_minus_stage1,energy_j,2.464370282861637,2.46437252562321
80,49,101,fixed_contacts,stage2_minus_stage1,mean_delay_s,2.6289587567236197,2.46437252562321
80,49,101,fixed_contacts,stage2_minus_stage1,p95_delay_s,-5.251737889011565e-07,2.46437252562321
80,49,101,fixed_contacts,stage2_minus_stage1,min_deadline_slack_s,-7.526712067829067e-06,2.46437252562321
80,49,102,full,stage2_minus_stage1,normalized_cpu,-1.2292491726949653,2.32634950309156
80,49,102,full,stage2_minus_stage1,energy_j,2.3263486311479937,2.32634950309156
80,49,102,full,stage2_minus_stage1,mean_delay_s,2.4072727503191516,2.32634950309156
80,49,102,full,stage2_minus_stage1,p95_delay_s,6.488749022537377e-07,2.32634950309156
80,49,102,full,stage2_minus_stage1,min_deadline_slack_s,-1.7520668791348726e-06,2.32634950309156
80,50,100,full,stage2_minus_stage1,normalized_cpu,-0.7786472007208121,2.3057110688003535
80,50,100,full,stage2_minus_stage1,energy_j,2.3057104620093014,2.3057110688003535
80,50,100,full,stage2_minus_stage1,mean_delay_s,2.96608763571723,2.3057110688003535
80,50,100,full,stage2_minus_stage1,p95_delay_s,3.0557623631466413e-07,2.3057110688003535
80,50,100,full,stage2_minus_stage1,min_deadline_slack_s,-4.580454060487682e-07,2.3057110688003535
80,50,101,full,stage2_minus_stage1,normalized_cpu,-0.6186042441805435,2.2824317626769646
80,50,101,full,stage2_minus_stage1,energy_j,2.282431267289212,2.2824317626769646
80,50,101,full,stage2_minus_stage1,mean_delay_s,1.6374756732035678,2.2824317626769646
80,50,101,full,stage2_minus_stage1,p95_delay_s,4.013171519545722e-07,2.2824317626769646
80,50,101,full,stage2_minus_stage1,min_deadline_slack_s,-4.541128078017209e-07,2.2824317626769646
80,50,102,full,stage2_minus_stage1,normalized_cpu,-0.3554579736541632,2.281577226155277
80,50,102,full,stage2_minus_stage1,energy_j,2.2815769040898886,2.281577226155277
80,50,102,full,stage2_minus_stage1,mean_delay_s,1.8779008556632846,2.281577226155277
80,50,102,full,stage2_minus_stage1,p95_delay_s,4.177376808911504e-07,2.281577226155277
80,50,102,full,stage2_minus_stage1,min_deadline_slack_s,-6.403557790690684e-07,2.281577226155277
80,51,100,full,stage2_minus_stage1,normalized_cpu,-0.5905119982630824,2.499998833560484
80,51,100,full,stage2_minus_stage1,energy_j,2.499998682644218,2.499998833560484
80,51,100,full,stage2_minus_stage1,mean_delay_s,1.0449779485068404,2.499998833560484
80,51,100,full,stage2_minus_stage1,p95_delay_s,1.1854874060190923e-06,2.499998833560484
80,51,100,full,stage2_minus_stage1,min_deadline_slack_s,-5.164630067611142e-06,2.499998833560484
80,51,101,full,stage2_minus_stage1,normalized_cpu,-0.39214318652299296,2.45400476852614
80,51,101,full,stage2_minus_stage1,energy_j,2.4540046261099633,2.45400476852614
80,51,101,full,stage2_minus_stage1,mean_delay_s,1.2152332345649768,2.45400476852614
80,51,101,full,stage2_minus_stage1,p95_delay_s,8.15993814740068e-07,2.45400476852614
80,51,101,full,stage2_minus_stage1,min_deadline_slack_s,-6.69991777613177e-08,2.45400476852614
80,52,101,full,stage2_minus_stage1,normalized_cpu,-0.8276384614195338,2.426852431994131
80,52,101,full,stage2_minus_stage1,energy_j,2.1259362047130708,2.426852431994131
80,52,101,full,stage2_minus_stage1,mean_delay_s,1.9923969344684167,2.426852431994131
80,52,101,full,stage2_minus_stage1,p95_delay_s,-0.1899307373339525,2.426852431994131
80,52,101,full,stage2_minus_stage1,min_deadline_slack_s,-5.143685370967432e-07,2.426852431994131
80,52,102,full,stage2_minus_stage1,normalized_cpu,-0.9458766928429846,2.581949130491543
80,52,102,full,stage2_minus_stage1,energy_j,2.581947767350357,2.581949130491543
80,52,102,full,stage2_minus_stage1,mean_delay_s,3.2909160477515798,2.581949130491543
80,52,102,full,stage2_minus_stage1,p95_delay_s,-1.5468293668163824e-07,2.581949130491543
80,52,102,full,stage2_minus_stage1,min_deadline_slack_s,-1.1359192114923644e-05,2.581949130491543
50,45,100,fixed_contacts,full_minus_restricted,total_distance_m,-634.4881855300337,
50,45,100,fixed_contacts,full_minus_restricted,offload_ratio,0.08,
50,45,100,fixed_contacts,full_minus_restricted,contacts,2,
50,45,100,fixed_contacts,full_minus_restricted,mean_delay_s,16.30706856433318,
50,45,100,fixed_contacts,full_minus_restricted,p95_delay_s,13.413793612938719,
50,45,100,fixed_task_route,full_minus_restricted,total_distance_m,-3269.2025416825163,
50,45,100,fixed_task_route,full_minus_restricted,offload_ratio,0.08,
50,45,100,fixed_task_route,full_minus_restricted,contacts,2,
50,45,100,fixed_task_route,full_minus_restricted,mean_delay_s,16.240136649715026,
50,45,100,fixed_task_route,full_minus_restricted,p95_delay_s,5.1650499711782345,
50,45,101,fixed_contacts,full_minus_restricted,total_distance_m,-1240.0081663758792,
50,45,101,fixed_contacts,full_minus_restricted,offload_ratio,0.04,
50,45,101,fixed_contacts,full_minus_restricted,contacts,3,
50,45,101,fixed_contacts,full_minus_restricted,mean_delay_s,11.67486535594415,
50,45,101,fixed_contacts,full_minus_restricted,p95_delay_s,-5.756451702888569,
50,45,101,fixed_task_route,full_minus_restricted,total_distance_m,-3318.925445453622,
50,45,101,fixed_task_route,full_minus_restricted,offload_ratio,0.06,
50,45,101,fixed_task_route,full_minus_restricted,contacts,3,
50,45,101,fixed_task_route,full_minus_restricted,mean_delay_s,20.563486023398923,
50,45,101,fixed_task_route,full_minus_restricted,p95_delay_s,5.165056246651147,
50,45,102,fixed_contacts,full_minus_restricted,total_distance_m,-1543.5512451928735,
50,45,102,fixed_contacts,full_minus_restricted,offload_ratio,0.060000000000000005,
50,45,102,fixed_contacts,full_minus_restricted,contacts,2,
50,45,102,fixed_contacts,full_minus_restricted,mean_delay_s,19.391937713284847,
50,45,102,fixed_contacts,full_minus_restricted,p95_delay_s,10.192096816074411,
50,45,102,fixed_task_route,full_minus_restricted,total_distance_m,-3540.3427066536497,
50,45,102,fixed_task_route,full_minus_restricted,offload_ratio,0.08,
50,45,102,fixed_task_route,full_minus_restricted,contacts,2,
50,45,102,fixed_task_route,full_minus_restricted,mean_delay_s,18.99348975329434,
50,45,102,fixed_task_route,full_minus_restricted,p95_delay_s,11.283403663071738,
50,46,100,fixed_contacts,full_minus_restricted,total_distance_m,-2080.5666588836666,
50,46,100,fixed_contacts,full_minus_restricted,offload_ratio,0.0,
50,46,100,fixed_contacts,full_minus_restricted,contacts,0,
50,46,100,fixed_contacts,full_minus_restricted,mean_delay_s,-15.50061350214068,
50,46,100,fixed_contacts,full_minus_restricted,p95_delay_s,-20.582388280198302,
50,46,100,fixed_task_route,full_minus_restricted,total_distance_m,-2840.4258859976435,
50,46,100,fixed_task_route,full_minus_restricted,offload_ratio,0.0,
50,46,100,fixed_task_route,full_minus_restricted,contacts,0,
50,46,100,fixed_task_route,full_minus_restricted,mean_delay_s,-13.16061840177133,
50,46,100,fixed_task_route,full_minus_restricted,p95_delay_s,-48.25779410018731,
50,46,101,fixed_contacts,full_minus_restricted,total_distance_m,-1668.094702966404,
50,46,101,fixed_contacts,full_minus_restricted,offload_ratio,0.0,
50,46,101,fixed_contacts,full_minus_restricted,contacts,-1,
50,46,101,fixed_contacts,full_minus_restricted,mean_delay_s,-3.015108419577331,
50,46,101,fixed_contacts,full_minus_restricted,p95_delay_s,-20.582386272614826,
50,46,101,fixed_task_route,full_minus_restricted,total_distance_m,-2599.8951842250426,
50,46,101,fixed_task_route,full_minus_restricted,offload_ratio,0.0,
50,46,101,fixed_task_route,full_minus_restricted,contacts,-1,
50,46,101,fixed_task_route,full_minus_restricted,mean_delay_s,-11.993138924144318,
50,46,101,fixed_task_route,full_minus_restricted,p95_delay_s,-48.2577942551564,
50,46,102,fixed_contacts,full_minus_restricted,total_distance_m,-1703.2049820287211,
50,46,102,fixed_contacts,full_minus_restricted,offload_ratio,0.0,
50,46,102,fixed_contacts,full_minus_restricted,contacts,0,
50,46,102,fixed_contacts,full_minus_restricted,mean_delay_s,-21.09161090409077,
50,46,102,fixed_contacts,full_minus_restricted,p95_delay_s,-52.10550310432035,
50,46,102,fixed_task_route,full_minus_restricted,total_distance_m,-2929.7894712668894,
50,46,102,fixed_task_route,full_minus_restricted,offload_ratio,0.0,
50,46,102,fixed_task_route,full_minus_restricted,contacts,0,
50,46,102,fixed_task_route,full_minus_restricted,mean_delay_s,-25.973528289146145,
50,46,102,fixed_task_route,full_minus_restricted,p95_delay_s,-55.14481152598319,
50,47,100,fixed_contacts,full_minus_restricted,total_distance_m,387.74340103406394,
50,47,100,fixed_contacts,full_minus_restricted,offload_ratio,0.0,
50,47,100,fixed_contacts,full_minus_restricted,contacts,0,
50,47,100,fixed_contacts,full_minus_restricted,mean_delay_s,-4.750078716647238,
50,47,100,fixed_contacts,full_minus_restricted,p95_delay_s,-2.3227753568835396,
50,47,100,fixed_task_route,full_minus_restricted,total_distance_m,-729.7604419371473,
50,47,100,fixed_task_route,full_minus_restricted,offload_ratio,0.0,
50,47,100,fixed_task_route,full_minus_restricted,contacts,0,
50,47,100,fixed_task_route,full_minus_restricted,mean_delay_s,4.415744735767646,
50,47,100,fixed_task_route,full_minus_restricted,p95_delay_s,7.218947809098836,
50,47,101,fixed_contacts,full_minus_restricted,total_distance_m,1079.8013460900675,
50,47,101,fixed_contacts,full_minus_restricted,offload_ratio,-0.04,
50,47,101,fixed_contacts,full_minus_restricted,contacts,0,
50,47,101,fixed_contacts,full_minus_restricted,mean_delay_s,-4.836233629232794,
50,47,101,fixed_contacts,full_minus_restricted,p95_delay_s,-13.251745956081152,
50,47,101,fixed_task_route,full_minus_restricted,total_distance_m,-729.7604419371473,
50,47,101,fixed_task_route,full_minus_restricted,offload_ratio,0.0,
50,47,101,fixed_task_route,full_minus_restricted,contacts,0,
50,47,101,fixed_task_route,full_minus_restricted,mean_delay_s,4.415744735767646,
50,47,101,fixed_task_route,full_minus_restricted,p95_delay_s,7.218947809098836,
50,47,102,fixed_contacts,full_minus_restricted,total_distance_m,-2296.8792322766258,
50,47,102,fixed_contacts,full_minus_restricted,offload_ratio,0.0,
50,47,102,fixed_contacts,full_minus_restricted,contacts,0,
50,47,102,fixed_contacts,full_minus_restricted,mean_delay_s,3.034310370774193,
50,47,102,fixed_contacts,full_minus_restricted,p95_delay_s,23.5074618215657,
50,47,102,fixed_task_route,full_minus_restricted,total_distance_m,-2874.114749882194,
50,47,102,fixed_task_route,full_minus_restricted,offload_ratio,0.0,
50,47,102,fixed_task_route,full_minus_restricted,contacts,0,
50,47,102,fixed_task_route,full_minus_restricted,mean_delay_s,-2.615259284695469,
50,47,102,fixed_task_route,full_minus_restricted,p95_delay_s,31.443648726072013,
50,48,100,fixed_contacts,full_minus_restricted,total_distance_m,78.144908185428,
50,48,100,fixed_contacts,full_minus_restricted,offload_ratio,0.0,
50,48,100,fixed_contacts,full_minus_restricted,contacts,-1,
50,48,100,fixed_contacts,full_minus_restricted,mean_delay_s,6.802590771064217,
50,48,100,fixed_contacts,full_minus_restricted,p95_delay_s,22.88482992022415,
50,48,100,fixed_task_route,full_minus_restricted,total_distance_m,-3047.4211179118593,
50,48,100,fixed_task_route,full_minus_restricted,offload_ratio,0.0,
50,48,100,fixed_task_route,full_minus_restricted,contacts,-1,
50,48,100,fixed_task_route,full_minus_restricted,mean_delay_s,-11.42535155061546,
50,48,100,fixed_task_route,full_minus_restricted,p95_delay_s,-55.069451024539205,
50,48,101,fixed_contacts,full_minus_restricted,total_distance_m,119.57341934143551,
50,48,101,fixed_contacts,full_minus_restricted,offload_ratio,-0.039999999999999994,
50,48,101,fixed_contacts,full_minus_restricted,contacts,-1,
50,48,101,fixed_contacts,full_minus_restricted,mean_delay_s,15.861704276559891,
50,48,101,fixed_contacts,full_minus_restricted,p95_delay_s,83.51607583082847,
50,48,101,fixed_task_route,full_minus_restricted,total_distance_m,-2957.827687703617,
50,48,101,fixed_task_route,full_minus_restricted,offload_ratio,-0.02,
50,48,101,fixed_task_route,full_minus_restricted,contacts,-1,
50,48,101,fixed_task_route,full_minus_restricted,mean_delay_s,-5.820225155966284,
50,48,101,fixed_task_route,full_minus_restricted,p95_delay_s,-5.1093154174745905,
50,48,102,fixed_contacts,full_minus_restricted,total_distance_m,-182.63688374407684,
50,48,102,fixed_contacts,full_minus_restricted,offload_ratio,0.0,
50,48,102,fixed_contacts,full_minus_restricted,contacts,0,
50,48,102,fixed_contacts,full_minus_restricted,mean_delay_s,-3.1996895042040308,
50,48,102,fixed_contacts,full_minus_restricted,p95_delay_s,11.249221759384568,
50,48,102,fixed_task_route,full_minus_restricted,total_distance_m,-3323.816320805103,
50,48,102,fixed_task_route,full_minus_restricted,offload_ratio,0.0,
50,48,102,fixed_task_route,full_minus_restricted,contacts,0,
50,48,102,fixed_task_route,full_minus_restricted,mean_delay_s,-18.872101714220946,
50,48,102,fixed_task_route,full_minus_restricted,p95_delay_s,-66.77551596354948,
50,49,100,fixed_contacts,full_minus_restricted,total_distance_m,-206.3188291858969,
50,49,100,fixed_contacts,full_minus_restricted,offload_ratio,0.08,
50,49,100,fixed_contacts,full_minus_restricted,contacts,2,
50,49,100,fixed_contacts,full_minus_restricted,mean_delay_s,7.382838450361334,
50,49,100,fixed_contacts,full_minus_restricted,p95_delay_s,-42.29706513480977,
50,49,100,fixed_task_route,full_minus_restricted,total_distance_m,-3204.1343412507395,
50,49,100,fixed_task_route,full_minus_restricted,offload_ratio,0.08,
50,49,100,fixed_task_route,full_minus_restricted,contacts,2,
50,49,100,fixed_task_route,full_minus_restricted,mean_delay_s,0.43110297098698425,
50,49,100,fixed_task_route,full_minus_restricted,p95_delay_s,-14.575644304484513,
50,49,101,fixed_contacts,full_minus_restricted,total_distance_m,-278.17579365642814,
50,49,101,fixed_contacts,full_minus_restricted,offload_ratio,0.08,
50,49,101,fixed_contacts,full_minus_restricted,contacts,2,
50,49,101,fixed_contacts,full_minus_restricted,mean_delay_s,1.0451865030830447,
50,49,101,fixed_contacts,full_minus_restricted,p95_delay_s,-15.42304418102026,
50,49,101,fixed_task_route,full_minus_restricted,total_distance_m,-3272.07663481133,
50,49,101,fixed_task_route,full_minus_restricted,offload_ratio,0.08,
50,49,101,fixed_task_route,full_minus_restricted,contacts,2,
50,49,101,fixed_task_route,full_minus_restricted,mean_delay_s,2.892983913968834,
50,49,101,fixed_task_route,full_minus_restricted,p95_delay_s,3.8052526593033917,
50,49,102,fixed_contacts,full_minus_restricted,total_distance_m,-448.5858312854307,
50,49,102,fixed_contacts,full_minus_restricted,offload_ratio,0.12,
50,49,102,fixed_contacts,full_minus_restricted,contacts,3,
50,49,102,fixed_contacts,full_minus_restricted,mean_delay_s,19.733535749872516,
50,49,102,fixed_contacts,full_minus_restricted,p95_delay_s,-11.940870527035372,
50,49,102,fixed_task_route,full_minus_restricted,total_distance_m,-3371.806307319561,
50,49,102,fixed_task_route,full_minus_restricted,offload_ratio,0.12,
50,49,102,fixed_task_route,full_minus_restricted,contacts,3,
50,49,102,fixed_task_route,full_minus_restricted,mean_delay_s,12.689562303482319,
50,49,102,fixed_task_route,full_minus_restricted,p95_delay_s,4.010479757862697,
50,50,100,fixed_contacts,full_minus_restricted,total_distance_m,91.71930977676493,
50,50,100,fixed_contacts,full_minus_restricted,offload_ratio,-0.02,
50,50,100,fixed_contacts,full_minus_restricted,contacts,-1,
50,50,100,fixed_contacts,full_minus_restricted,mean_delay_s,4.735714905235994,
50,50,100,fixed_contacts,full_minus_restricted,p95_delay_s,-0.8045285201138199,
50,50,100,fixed_task_route,full_minus_restricted,total_distance_m,-1643.7121584848846,
50,50,100,fixed_task_route,full_minus_restricted,offload_ratio,-0.04,
50,50,100,fixed_task_route,full_minus_restricted,contacts,-1,
50,50,100,fixed_task_route,full_minus_restricted,mean_delay_s,-9.17139997216725,
50,50,100,fixed_task_route,full_minus_restricted,p95_delay_s,2.605711672481675,
50,50,101,fixed_contacts,full_minus_restricted,total_distance_m,321.5475988467533,
50,50,101,fixed_contacts,full_minus_restricted,offload_ratio,0.0,
50,50,101,fixed_contacts,full_minus_restricted,contacts,0,
50,50,101,fixed_contacts,full_minus_restricted,mean_delay_s,-10.891479359795397,
50,50,101,fixed_contacts,full_minus_restricted,p95_delay_s,-32.11327586746569,
50,50,101,fixed_task_route,full_minus_restricted,total_distance_m,-1517.4916594468996,
50,50,101,fixed_task_route,full_minus_restricted,offload_ratio,-0.02,
50,50,101,fixed_task_route,full_minus_restricted,contacts,0,
50,50,101,fixed_task_route,full_minus_restricted,mean_delay_s,-14.161225088718169,
50,50,101,fixed_task_route,full_minus_restricted,p95_delay_s,-1.795386478524449,
50,50,102,fixed_contacts,full_minus_restricted,total_distance_m,-469.0809764207279,
50,50,102,fixed_contacts,full_minus_restricted,offload_ratio,0.02,
50,50,102,fixed_contacts,full_minus_restricted,contacts,1,
50,50,102,fixed_contacts,full_minus_restricted,mean_delay_s,1.6195966999258928,
50,50,102,fixed_contacts,full_minus_restricted,p95_delay_s,-2.6154480771480735,
50,50,102,fixed_task_route,full_minus_restricted,total_distance_m,-2485.113255634018,
50,50,102,fixed_task_route,full_minus_restricted,offload_ratio,0.0,
50,50,102,fixed_task_route,full_minus_restricted,contacts,1,
50,50,102,fixed_task_route,full_minus_restricted,mean_delay_s,-15.345976323492948,
50,50,102,fixed_task_route,full_minus_restricted,p95_delay_s,-4.304882729243616,
50,51,100,fixed_contacts,full_minus_restricted,total_distance_m,1118.5365720627306,
50,51,100,fixed_contacts,full_minus_restricted,offload_ratio,0.0,
50,51,100,fixed_contacts,full_minus_restricted,contacts,0,
50,51,100,fixed_contacts,full_minus_restricted,mean_delay_s,11.59728837045131,
50,51,100,fixed_contacts,full_minus_restricted,p95_delay_s,11.951653213578197,
50,51,100,fixed_task_route,full_minus_restricted,total_distance_m,-1309.056174704443,
50,51,100,fixed_task_route,full_minus_restricted,offload_ratio,0.0,
50,51,100,fixed_task_route,full_minus_restricted,contacts,0,
50,51,100,fixed_task_route,full_minus_restricted,mean_delay_s,11.847818589714905,
50,51,100,fixed_task_route,full_minus_restricted,p95_delay_s,25.462656788631193,
50,51,101,fixed_contacts,full_minus_restricted,total_distance_m,381.7198504137832,
50,51,101,fixed_contacts,full_minus_restricted,offload_ratio,0.039999999999999994,
50,51,101,fixed_contacts,full_minus_restricted,contacts,1,
50,51,101,fixed_contacts,full_minus_restricted,mean_delay_s,-9.10291456337373,
50,51,101,fixed_contacts,full_minus_restricted,p95_delay_s,-41.69210066794989,
50,51,101,fixed_task_route,full_minus_restricted,total_distance_m,-1324.6768927783833,
50,51,101,fixed_task_route,full_minus_restricted,offload_ratio,0.039999999999999994,
50,51,101,fixed_task_route,full_minus_restricted,contacts,1,
50,51,101,fixed_task_route,full_minus_restricted,mean_delay_s,-6.3421861423964,
50,51,101,fixed_task_route,full_minus_restricted,p95_delay_s,-37.77409718186209,
50,51,102,fixed_contacts,full_minus_restricted,total_distance_m,-68.93156822311357,
50,51,102,fixed_contacts,full_minus_restricted,offload_ratio,0.02,
50,51,102,fixed_contacts,full_minus_restricted,contacts,1,
50,51,102,fixed_contacts,full_minus_restricted,mean_delay_s,0.4315959676557668,
50,51,102,fixed_contacts,full_minus_restricted,p95_delay_s,10.148995101821129,
50,51,102,fixed_task_route,full_minus_restricted,total_distance_m,-2217.519704468299,
50,51,102,fixed_task_route,full_minus_restricted,offload_ratio,0.02,
50,51,102,fixed_task_route,full_minus_restricted,contacts,1,
50,51,102,fixed_task_route,full_minus_restricted,mean_delay_s,6.365151486927857,
50,51,102,fixed_task_route,full_minus_restricted,p95_delay_s,20.455890557326086,
50,52,100,fixed_contacts,full_minus_restricted,total_distance_m,11.269880310535882,
50,52,100,fixed_contacts,full_minus_restricted,offload_ratio,-0.019999999999999997,
50,52,100,fixed_contacts,full_minus_restricted,contacts,-1,
50,52,100,fixed_contacts,full_minus_restricted,mean_delay_s,-12.744138427262413,
50,52,100,fixed_contacts,full_minus_restricted,p95_delay_s,-18.967814678407365,
50,52,100,fixed_task_route,full_minus_restricted,total_distance_m,-1209.1009815697616,
50,52,100,fixed_task_route,full_minus_restricted,offload_ratio,-0.019999999999999997,
50,52,100,fixed_task_route,full_minus_restricted,contacts,-1,
50,52,100,fixed_task_route,full_minus_restricted,mean_delay_s,-14.065078734550383,
50,52,100,fixed_task_route,full_minus_restricted,p95_delay_s,-19.01360423639477,
50,52,101,fixed_contacts,full_minus_restricted,total_distance_m,-753.5615482035573,
50,52,101,fixed_contacts,full_minus_restricted,offload_ratio,-0.039999999999999994,
50,52,101,fixed_contacts,full_minus_restricted,contacts,-1,
50,52,101,fixed_contacts,full_minus_restricted,mean_delay_s,-3.67082982969211,
50,52,101,fixed_contacts,full_minus_restricted,p95_delay_s,-5.788649125846007,
50,52,101,fixed_task_route,full_minus_restricted,total_distance_m,-2863.225094214342,
50,52,101,fixed_task_route,full_minus_restricted,offload_ratio,-0.039999999999999994,
50,52,101,fixed_task_route,full_minus_restricted,contacts,-1,
50,52,101,fixed_task_route,full_minus_restricted,mean_delay_s,-16.08345113143463,
50,52,101,fixed_task_route,full_minus_restricted,p95_delay_s,-15.734516170435086,
50,52,102,fixed_contacts,full_minus_restricted,total_distance_m,-186.249767298179,
50,52,102,fixed_contacts,full_minus_restricted,offload_ratio,-0.02,
50,52,102,fixed_contacts,full_minus_restricted,contacts,-1,
50,52,102,fixed_contacts,full_minus_restricted,mean_delay_s,-27.267937385113186,
50,52,102,fixed_contacts,full_minus_restricted,p95_delay_s,-42.60467337441855,
50,52,102,fixed_task_route,full_minus_restricted,total_distance_m,-1936.3657274621255,
50,52,102,fixed_task_route,full_minus_restricted,offload_ratio,-0.039999999999999994,
50,52,102,fixed_task_route,full_minus_restricted,contacts,-1,
50,52,102,fixed_task_route,full_minus_restricted,mean_delay_s,-24.56222575670742,
50,52,102,fixed_task_route,full_minus_restricted,p95_delay_s,-31.199239890880108,
80,48,100,fixed_contacts,full_minus_restricted,total_distance_m,204.5496438837199,
80,48,100,fixed_contacts,full_minus_restricted,offload_ratio,-0.012500000000000011,
80,48,100,fixed_contacts,full_minus_restricted,contacts,-3,
80,48,100,fixed_contacts,full_minus_restricted,mean_delay_s,-7.35650073820679,
80,48,100,fixed_contacts,full_minus_restricted,p95_delay_s,1.0900680599317525,
80,48,101,fixed_contacts,full_minus_restricted,total_distance_m,127.54931718268199,
80,48,101,fixed_contacts,full_minus_restricted,offload_ratio,-0.037500000000000006,
80,48,101,fixed_contacts,full_minus_restricted,contacts,-2,
80,48,101,fixed_contacts,full_minus_restricted,mean_delay_s,0.08661768511126411,
80,48,101,fixed_contacts,full_minus_restricted,p95_delay_s,-7.8225138897518605,
80,48,102,fixed_contacts,full_minus_restricted,total_distance_m,-657.5380656337238,
80,48,102,fixed_contacts,full_minus_restricted,offload_ratio,-0.05,
80,48,102,fixed_contacts,full_minus_restricted,contacts,-3,
80,48,102,fixed_contacts,full_minus_restricted,mean_delay_s,0.10569752146318478,
80,48,102,fixed_contacts,full_minus_restricted,p95_delay_s,-7.45110127568762,
80,49,102,fixed_contacts,full_minus_restricted,total_distance_m,-1165.1923630328984,
80,49,102,fixed_contacts,full_minus_restricted,offload_ratio,0.0,
80,49,102,fixed_contacts,full_minus_restricted,contacts,0,
80,49,102,fixed_contacts,full_minus_restricted,mean_delay_s,0.5934367367617028,
80,49,102,fixed_contacts,full_minus_restricted,p95_delay_s,5.592509494709816,
80,49,102,fixed_task_route,full_minus_restricted,total_distance_m,-1314.9740073809044,
80,49,102,fixed_task_route,full_minus_restricted,offload_ratio,0.0,
80,49,102,fixed_task_route,full_minus_restricted,contacts,0,
80,49,102,fixed_task_route,full_minus_restricted,mean_delay_s,-4.692770941782129,
80,49,102,fixed_task_route,full_minus_restricted,p95_delay_s,0.04553741389275956,
