tasks,scenario_seed,algorithm_seed,method,code_commit,solution_sha256,stage1_qualified,stage2_qualified,nominal_budget_s,search_runtime_s,overrun_s,resource_recompute_runtime_s,audit_runtime_s,oracle_calls,oracle_cache_hits,freeze_rejections,unique_admissible_structures,direct_structure_calls
50,45,100,fixed_contacts,7faa40a469f7e673d8e2552652e804ca5481d822,9ef09e88bd854f8a453d0e06fd910bcd3dc353d56f01acec58f06120bb029766,True,True,15.0,12.896598984999997,0.0,0.5830658229999983,0.0045060840000132885,2,3,227,39,48
50,45,100,fixed_task_route,7faa40a469f7e673d8e2552652e804ca5481d822,88ee1b4edc95d05b2c1e83b2a6abc5961ba7bc5dcee4c5e83e1660f912c28c83,True,True,15.0,13.524709618999992,0.0,0.551504814999987,0.004379332000013392,4,2,184,4,52
50,45,100,full,7faa40a469f7e673d8e2552652e804ca5481d822,907a1a701c2e256ae7db1b3621ee53069d0bd8867384490eb0eec671fe8ebeb1,True,True,15.0,15.383193399999996,0.38319339999999613,0.6520421540000001,0.005233318000009035,8,2,0,79,19
50,45,101,fixed_contacts,7faa40a469f7e673d8e2552652e804ca5481d822,3bf56f2424ccebcbe18b1511010a2c2334a3e4db0aeeb0e8483e148413cd4f08,True,True,15.0,12.965521526999993,0.0,0.5193827409999869,0.004595397000002777,2,3,183,38,37
50,45,101,fixed_task_route,7faa40a469f7e673d8e2552652e804ca5481d822,88ee1b4edc95d05b2c1e83b2a6abc5961ba7bc5dcee4c5e83e1660f912c28c83,True,True,15.0,13.64009325699999,0.0,0.6432640569999819,0.004606281000008039,4,2,182,4,49
50,45,101,full,7faa40a469f7e673d8e2552652e804ca5481d822,2271a1d303ff071ea7c1c79c151dcf16830037ef6abbfe5251059a96dab69445,True,True,15.0,14.131055532000005,0.0,0.6280234670000198,0.005029451000012841,6,3,0,75,22
50,45,102,fixed_contacts,7faa40a469f7e673d8e2552652e804ca5481d822,de36d1ab799b468dbfddd29b125fdd6b33be57a538c11de5389f0e8281854d7d,True,True,15.0,13.297084557000005,0.0,0.5974389779999854,0.004458440999997038,3,2,148,36,20
50,45,102,fixed_task_route,7faa40a469f7e673d8e2552652e804ca5481d822,88ee1b4edc95d05b2c1e83b2a6abc5961ba7bc5dcee4c5e83e1660f912c28c83,True,True,15.0,13.532084892,0.0,0.5157587249999835,0.004465851000020393,4,2,182,4,49
50,45,102,full,7faa40a469f7e673d8e2552652e804ca5481d822,b43bf6ecc500e33790caf5277a1030963270a96846318eddd64e0ad601c7cd64,True,True,15.0,14.352254953,0.0,0.6498581589999901,0.005103240000011056,6,3,0,65,10
50,46,100,fixed_contacts,7faa40a469f7e673d8e2552652e804ca5481d822,101755b82c6ef15db4186eb60ef7468c2aec667fe6e5aafba15e0d9cd6bf1d79,True,False,15.0,12.595296542,0.0,1.864798516999997,0.003538310999999794,1,2,250,15,40
50,46,100,fixed_task_route,7faa40a469f7e673d8e2552652e804ca5481d822,cf3be2421d018b2eb786f562141be4adaf2da13081957be6758b4fd381d02a18,True,True,15.0,13.367265108000005,0.0,0.40723410500000057,0.0034571810000016967,4,2,118,4,30
50,46,100,full,7faa40a469f7e673d8e2552652e804ca5481d822,04072d91d0b1edc7152b6b3094d398ed1b1a942ae217e10711973788e9c82180,True,False,15.0,13.500851472,0.0,5.425459922000002,0.0037229739999986577,6,3,0,111,20
50,46,101,fixed_contacts,7faa40a469f7e673d8e2552652e804ca5481d822,32f8c8fadef3d9a6f51a41c7633c112f530103ce942677daee04b1fdf1392d01,True,True,15.0,12.51237438199999,0.0,0.44597113300000046,0.0035600149999908126,1,2,247,30,39
50,46,101,fixed_task_route,7faa40a469f7e673d8e2552652e804ca5481d822,cf3be2421d018b2eb786f562141be4adaf2da13081957be6758b4fd381d02a18,True,True,15.0,13.463787102000012,0.0,0.4130238320000075,0.0036365660000114985,4,2,113,4,29
50,46,101,full,7faa40a469f7e673d8e2552652e804ca5481d822,7c354546d1a9fafaa07f44faf7dccaabc465b4fdc33985269d33c78f74a67bef,True,True,15.0,13.626664551000005,0.0,0.44094745700000715,0.0032939390000024105,6,3,0,137,26
50,46,102,fixed_contacts,7faa40a469f7e673d8e2552652e804ca5481d822,c1ad4738320d9928c0b1aa80d6231cd212d158e3926c8f6aa216ad9368067f68,True,False,15.0,12.643096887000013,0.0,5.718779929999982,0.0035852000000033968,2,2,287,36,44
50,46,102,fixed_task_route,7faa40a469f7e673d8e2552652e804ca5481d822,cf3be2421d018b2eb786f562141be4adaf2da13081957be6758b4fd381d02a18,True,True,15.0,13.53280663199999,0.0,0.46613814500000217,0.0034351780000179133,4,2,112,4,31
50,46,102,full,7faa40a469f7e673d8e2552652e804ca5481d822,f48671e042373dd46a5a1ab904c4d0540f926e87edc5848722c7879185574aff,True,False,15.0,13.686439933000003,0.0,2.959778620999998,0.0035870819999956893,6,3,0,125,31
50,47,100,fixed_contacts,7faa40a469f7e673d8e2552652e804ca5481d822,16b7823aab0e998eeb964cd1bf0bbdf671aa891def877e67bbc5c963a8bdb7b6,True,False,15.0,12.719664938000008,0.0,7.069180915999993,0.004955273999996734,1,2,190,40,34
50,47,100,fixed_task_route,7faa40a469f7e673d8e2552652e804ca5481d822,0d7f0ff436e8ecbe91651eb1ce2a80228e60b0e06833f59312e6ae5286326558,True,True,15.0,13.711639501,0.0,0.6919785810000008,0.005308360000000789,3,2,62,6,13
50,47,100,full,7faa40a469f7e673d8e2552652e804ca5481d822,c4ae80b886be3e1035a8f371084c68da704f03af98a2c49a8e7c5634a0fdc87d,True,True,15.0,15.409787818000005,0.4097878180000052,0.6597323319999902,0.005624572000002104,6,2,0,30,5
50,47,101,fixed_contacts,7faa40a469f7e673d8e2552652e804ca5481d822,6ea7305888d2660e3c0073cea9b7230c2282eb032f5bfb4a387380acdea46f0c,True,False,15.0,13.285670780000004,0.0,6.432556489999996,0.004918142999997599,2,3,153,43,33
50,47,101,fixed_task_route,7faa40a469f7e673d8e2552652e804ca5481d822,0d7f0ff436e8ecbe91651eb1ce2a80228e60b0e06833f59312e6ae5286326558,True,True,15.0,13.769072684000008,0.0,0.6415011840000062,0.005286983000004852,3,2,78,6,16
50,47,101,full,7faa40a469f7e673d8e2552652e804ca5481d822,c4ae80b886be3e1035a8f371084c68da704f03af98a2c49a8e7c5634a0fdc87d,True,True,15.0,15.515620304999999,0.5156203049999988,0.6429636579999993,0.005529311000003645,7,2,0,30,5
50,47,102,fixed_contacts,7faa40a469f7e673d8e2552652e804ca5481d822,fb38c923ed7f927c51c095acb26170f79d7ebf828fe5d1a3214191209ea6517a,True,False,15.0,12.597139787999993,0.0,7.500865401999988,0.00492936300000224,1,2,224,28,35
50,47,102,fixed_task_route,7faa40a469f7e673d8e2552652e804ca5481d822,0d7f0ff436e8ecbe91651eb1ce2a80228e60b0e06833f59312e6ae5286326558,True,True,15.0,14.139770641000013,0.0,0.6726462949999927,0.005263177999978552,3,2,78,6,17
50,47,102,full,7faa40a469f7e673d8e2552652e804ca5481d822,57009bc74faaab03f3acc7c0231a7eb3d0aa404b4aa0e7f6c58423274bfbdc88,True,True,15.0,14.654797925999986,0.0,2.7228912190000187,0.005386360000017021,6,3,0,61,14
50,48,100,fixed_contacts,7faa40a469f7e673d8e2552652e804ca5481d822,99a13ffadaf46179ac091b46b7d6f5aed87cca67ffd4dc1c10783d7e1ec436ad,True,False,15.0,13.780373381999993,0.0,7.231874118999997,0.004811071000005995,6,2,96,70,28
50,48,100,fixed_task_route,7faa40a469f7e673d8e2552652e804ca5481d822,91c0980fc77e088a49498ec21b0109a79f61f0c03b042cbbe1d4ca07f8d45aa9,True,True,15.0,13.466270503999993,0.0,0.6032959130000108,0.004857504999989715,4,2,118,4,30
50,48,100,full,7faa40a469f7e673d8e2552652e804ca5481d822,630080f34dab0fae42c3c8ea7d50793e83d65ddf90e5e9b56d992d03ea535919,True,True,15.0,14.35331696099999,0.0,0.588732661999984,0.004769009000000324,6,3,0,93,19
50,48,101,fixed_contacts,7faa40a469f7e673d8e2552652e804ca5481d822,78127e7dc173198e7df0aec91619649b05ecb986faac2656a5f3d719251f0ef3,True,False,15.0,13.008194643000024,0.0,7.0305256120000195,0.0048143729999878815,3,3,122,73,35
50,48,101,fixed_task_route,7faa40a469f7e673d8e2552652e804ca5481d822,91c0980fc77e088a49498ec21b0109a79f61f0c03b042cbbe1d4ca07f8d45aa9,True,True,15.0,13.371949747999963,0.0,0.6621204880000278,0.004879368999979761,4,2,145,4,37
50,48,101,full,7faa40a469f7e673d8e2552652e804ca5481d822,6d97a6b0f3805738fffb52c9168386d028466572e0b1bb51496ff07b84bfc172,True,True,15.0,15.080074824999997,0.08007482499999696,0.6598673750000046,0.00457867100001863,8,4,0,93,26
50,48,102,fixed_contacts,7faa40a469f7e673d8e2552652e804ca5481d822,0b61c77c01bc075eddbd617673035c742c436a855d4fb140b886696bd62fa6b2,True,True,15.0,12.53791862899999,0.0,0.6020474609999837,0.004968394000002263,2,2,166,66,37
50,48,102,fixed_task_route,7faa40a469f7e673d8e2552652e804ca5481d822,91c0980fc77e088a49498ec21b0109a79f61f0c03b042cbbe1d4ca07f8d45aa9,True,True,15.0,13.43592106799997,0.0,0.6759526120000032,0.004955669000025864,4,2,141,4,38
50,48,102,full,7faa40a469f7e673d8e2552652e804ca5481d822,e0648accd31b7d6a9f01979b108a36ebd39111dbcd57c65aac22afe22b63605c,True,True,15.0,14.340726688000018,0.0,0.5996374279999941,0.005117718999997578,6,3,0,68,12
50,49,100,fixed_contacts,7faa40a469f7e673d8e2552652e804ca5481d822,48546621aa3175e17e652cec87e77bbd1b8dbe09f348793ad5de610f80b47871,True,True,15.0,12.802568035000007,0.0,0.66309213400001,0.0039478189999897495,2,2,176,55,42
50,49,100,fixed_task_route,7faa40a469f7e673d8e2552652e804ca5481d822,eaf761954b464bbbd5cf027768b4bd6fabfcb617fc6ca913313f51442c27167a,True,True,15.0,15.335688429999976,0.3356884299999763,0.6697544470000025,0.004159834999995837,3,2,840,2,159
50,49,100,full,7faa40a469f7e673d8e2552652e804ca5481d822,9f58667c26ba9898d45052b85ff5ab78b619ec1e368186650f5f34378ca8090f,True,True,15.0,14.915916022000005,0.0,0.61461744799999,0.00496782999999823,6,3,0,85,15
50,49,101,fixed_contacts,7faa40a469f7e673d8e2552652e804ca5481d822,75ce7985500f9ef913af6efad84328dc12e3bb6391059d6013d3f4793eaebdbc,True,True,15.0,12.593158717999984,0.0,0.6776323949999892,0.004127129000039531,1,2,219,45,40
50,49,101,fixed_task_route,7faa40a469f7e673d8e2552652e804ca5481d822,eaf761954b464bbbd5cf027768b4bd6fabfcb617fc6ca913313f51442c27167a,True,True,15.0,13.792180016999964,0.0,0.6105094189999818,0.003957366000008733,4,2,836,2,158
50,49,101,full,7faa40a469f7e673d8e2552652e804ca5481d822,3bf4e90d81af6417371dae4fa1704f49c7d22a83704b0b46ab6db18c9d426554,True,True,15.0,15.14939769,0.1493976900000007,0.6308113810000009,0.005065799999954379,7,2,0,118,20
50,49,102,fixed_contacts,7faa40a469f7e673d8e2552652e804ca5481d822,194add0c4d8ef6a7545cc28f00371eaf1dd31fee3e7a8ae4b299b67bda02b21c,True,True,15.0,13.192992003000029,0.0,0.6849931759999777,0.004049566000048799,3,2,328,34,59
50,49,102,fixed_task_route,7faa40a469f7e673d8e2552652e804ca5481d822,eaf761954b464bbbd5cf027768b4bd6fabfcb617fc6ca913313f51442c27167a,True,True,15.0,13.731308694000006,0.0,0.6517834029999676,0.003968666000048415,4,2,858,2,163
50,49,102,full,7faa40a469f7e673d8e2552652e804ca5481d822,27b6bf004ab77c5e735597ac1726566389d80807a03dc2b27b14b4a35aba6771,True,True,15.0,14.21017722099998,0.0,0.6074527840000314,0.004964960000052088,6,3,0,68,11
50,50,100,fixed_contacts,7faa40a469f7e673d8e2552652e804ca5481d822,b756fd7740c2b67e6c1c51aaf833c9d52ef50310fffb82e827dbdd4a4becf820,True,True,15.0,13.555044479000003,0.0,3.927203915000007,0.004861621999992849,4,2,152,81,43
50,50,100,fixed_task_route,7faa40a469f7e673d8e2552652e804ca5481d822,96daaf997fa9f93716866af4905052c1440edab6247049fd1652bda650ed3fda,True,True,15.0,13.628819715999995,0.0,0.605717934999987,0.004755500000001689,4,2,274,4,79
50,50,100,full,7faa40a469f7e673d8e2552652e804ca5481d822,0863acb21034cfe057ec6e800b0627a454e055a5d01942862d2f186a3cf4d1a4,True,True,15.0,15.088984321999988,0.08898432199998751,0.6574533630000019,0.003985760999995591,8,2,0,110,21
50,50,101,fixed_contacts,7faa40a469f7e673d8e2552652e804ca5481d822,f897cfde95b0abaab12d91360211d608102702528f426fa392967ce3b27bc68f,True,True,15.0,13.602025499000007,0.0,4.15824314599999,0.004612563000023329,4,2,166,71,45
50,50,101,fixed_task_route,7faa40a469f7e673d8e2552652e804ca5481d822,96daaf997fa9f93716866af4905052c1440edab6247049fd1652bda650ed3fda,True,True,15.0,13.624584864000013,0.0,0.5943780049999816,0.004693960999986757,4,2,268,4,76
50,50,101,full,7faa40a469f7e673d8e2552652e804ca5481d822,53affd7511522d1de0cbb56aaa94cbc4825151910f4dcc06272c26a2a5358071,True,True,15.0,15.407489131999995,0.4074891319999949,0.6879052890000139,0.0046067639999876064,8,4,0,90,20
50,50,102,fixed_contacts,7faa40a469f7e673d8e2552652e804ca5481d822,0327c20defae3512f94d941695138f37c7a2854567c5a7d56efd0741757ee60c,True,True,15.0,13.283572582000005,0.0,2.2233798179999837,0.004775899999998501,3,2,154,58,39
50,50,102,fixed_task_route,7faa40a469f7e673d8e2552652e804ca5481d822,96daaf997fa9f93716866af4905052c1440edab6247049fd1652bda650ed3fda,True,True,15.0,13.640219240999983,0.0,0.6059089350000022,0.005063165999985131,4,2,282,4,82
50,50,102,full,7faa40a469f7e673d8e2552652e804ca5481d822,98be35637accac0d5e2f3f4e7596f32bf98fcefe415863dde2f2c4c9edc0ea30,True,True,15.0,15.308633867999987,0.30863386799998693,0.7199231090000069,0.005335144000014225,9,4,0,34,3
50,51,100,fixed_contacts,7faa40a469f7e673d8e2552652e804ca5481d822,951f4e034b2f45b5dfc9d4e0699dc101a2305579a5471765aae9894fb5a5876d,True,True,15.0,12.621132457999977,0.0,0.6700658520000502,0.004583568999976251,1,2,267,66,50
50,51,100,fixed_task_route,7faa40a469f7e673d8e2552652e804ca5481d822,a1ba821e8c53fd332fde823654f7c71547b74ab9eaf8d52c68dfa01b2874d46c,True,True,15.0,19.16075676700001,4.160756767000009,0.661494198000014,0.00466656700001522,3,2,172,4,49
50,51,100,full,7faa40a469f7e673d8e2552652e804ca5481d822,ffb26741d8f54ce135722b7b200530bbed947bd6c367804013279c2ec0ae6628,True,True,15.0,15.391057278000005,0.3910572780000052,0.5938316030000124,0.004584831999977723,8,2,0,96,17
50,51,101,fixed_contacts,7faa40a469f7e673d8e2552652e804ca5481d822,29691dc16f8d14a82372396db36c573b795185614459015c699e65f5f0f8b000,True,True,15.0,12.823793443,0.0,0.6484220119999691,0.004383213999972213,2,2,268,74,55
50,51,101,fixed_task_route,7faa40a469f7e673d8e2552652e804ca5481d822,a1ba821e8c53fd332fde823654f7c71547b74ab9eaf8d52c68dfa01b2874d46c,True,True,15.0,19.12213023999999,4.12213023999999,0.5956197820000284,0.004580804999989141,3,2,172,4,48
50,51,101,full,7faa40a469f7e673d8e2552652e804ca5481d822,b5f89cd9c33c02e6511cebcc366036b861fbdd77c23e02edb9f26f17730ef1bc,True,True,15.0,14.430559578999976,0.0,0.6573934880000252,0.005395647000000281,6,3,0,107,19
50,51,102,fixed_contacts,7faa40a469f7e673d8e2552652e804ca5481d822,7a6a6991934bb3c809864f25f52c1c41a359cc61679f88cbbf775719e4a1a9bb,True,True,15.0,12.768867529999966,0.0,0.6755453050000142,0.004706992000024002,1,2,235,68,42
50,51,102,fixed_task_route,7faa40a469f7e673d8e2552652e804ca5481d822,a1ba821e8c53fd332fde823654f7c71547b74ab9eaf8d52c68dfa01b2874d46c,True,True,15.0,19.263080876000004,4.263080876000004,0.5909065149999719,0.004490685999996913,3,2,170,4,46
50,51,102,full,7faa40a469f7e673d8e2552652e804ca5481d822,4a9cd04162ffa27538843649087ab301aad0ad7cf6e019811540e2ef7521ab1d,True,True,15.0,15.25209485299996,0.25209485299996004,0.6712428530000238,0.004567980999979682,7,3,0,45,8
50,52,100,fixed_contacts,7faa40a469f7e673d8e2552652e804ca5481d822,5a58a4bbd0f6874c64a8b7bfc29611eca1e85712bdbb9a2d664f59ecd86d13e8,True,False,15.0,15.217477203999998,0.21747720399999793,6.7959470710000005,0.004960297000003777,7,2,44,30,16
50,52,100,fixed_task_route,7faa40a469f7e673d8e2552652e804ca5481d822,7eac28db80132a97dd8da6391bb0c390347698c2555266fca108312f8bde56ab,True,False,15.0,13.843522886999992,0.0,6.655143941000006,0.005800354000001562,4,2,150,4,40
50,52,100,full,7faa40a469f7e673d8e2552652e804ca5481d822,f41b79783acc9f80d38fafeecf57ad6fca1464112784e86ab36a2d73a7ace284,True,False,15.0,15.125154117000001,0.125154117000001,1.4419790470000038,0.0047109710000086125,7,2,0,49,13
50,52,101,fixed_contacts,7faa40a469f7e673d8e2552652e804ca5481d822,cd26046a28d8e8fa8dbc837c3b3e7706b6579d9b11fdba653bf19c1cd5b6efe8,True,True,15.0,12.806181900999988,0.0,0.6676782699999819,0.005062312000006841,2,3,126,49,33
50,52,101,fixed_task_route,7faa40a469f7e673d8e2552652e804ca5481d822,7eac28db80132a97dd8da6391bb0c390347698c2555266fca108312f8bde56ab,True,False,15.0,13.707276699000005,0.0,6.680219550999993,0.0050681430000025784,4,2,151,4,41
50,52,101,full,7faa40a469f7e673d8e2552652e804ca5481d822,b34e3a5e5902529982a9a188316208fc909f43e8b5c9c3593ce3a7aaefef5f06,True,True,15.0,15.256248929999998,0.25624892999999815,2.8702858869999943,0.004567543999996815,8,4,0,64,14
50,52,102,fixed_contacts,7faa40a469f7e673d8e2552652e804ca5481d822,224073e22a0ac9df8546045cb55eaee4f8e5ced6b09e7851a69425fdfe645b0b,True,True,15.0,13.051022890000013,0.0,0.6945419719999961,0.0055054000000041015,2,3,157,45,34
50,52,102,fixed_task_route,7faa40a469f7e673d8e2552652e804ca5481d822,7eac28db80132a97dd8da6391bb0c390347698c2555266fca108312f8bde56ab,True,False,15.0,13.74128373100001,0.0,6.73327230999999,0.004993169000016451,4,2,148,4,40
50,52,102,full,7faa40a469f7e673d8e2552652e804ca5481d822,9b1f1b909a73ed6e37d1d60c81e8d2697dcdd5a4b2562d8f8deb7a84986bf1e9,True,True,15.0,14.21230204699998,0.0,0.5981361040000195,0.0047882810000032805,6,3,0,76,20
80,45,100,fixed_contacts,7faa40a469f7e673d8e2552652e804ca5481d822,226c53cdffb3efa534b446c82f70ae45be9733078651f294721f00ef17f3bde1,False,False,45.0,38.958995015,0.0,0.0002669230000265088,6.1840000000756845e-06,1,1,172,3,26
80,45,100,fixed_task_route,7faa40a469f7e673d8e2552652e804ca5481d822,0d2c20efe00f972ef99a1bcd94e5f9a9dd44a9435bbf4d675f799032e2ddcbb0,False,False,45.0,36.881421383,0.0,0.0002054410000198459,7.296999996242448e-06,1,1,12,19,10
80,45,100,full,7faa40a469f7e673d8e2552652e804ca5481d822,0e4fb430a5485ddb3a0f2ec3b507b535a6ae361ab71dd96801275cd1b1a141d7,False,False,45.0,36.118033024,0.0,0.00020951400000512876,4.849999982070585e-06,1,1,0,32,14
80,45,101,fixed_contacts,7faa40a469f7e673d8e2552652e804ca5481d822,065ecf7ac810813e44535a99d4746d0527b8d6a53f4525d738776dc1b5a6f490,False,False,45.0,36.50543878299999,0.0,0.00023105500002884582,4.531999991286284e-06,1,1,203,8,29
80,45,101,fixed_task_route,7faa40a469f7e673d8e2552652e804ca5481d822,0d2c20efe00f972ef99a1bcd94e5f9a9dd44a9435bbf4d675f799032e2ddcbb0,False,False,45.0,36.163487024999995,0.0,0.00019585599997640202,4.885999999260093e-06,1,1,11,19,10
80,45,101,full,7faa40a469f7e673d8e2552652e804ca5481d822,8c27711f5618c5364325e8f515b87375d0c7bc197a1c6555c44be279b6d9f142,False,False,45.0,36.155363757,0.0,0.00022797600001922547,4.4690000322589185e-06,1,1,0,40,15
80,45,102,fixed_contacts,7faa40a469f7e673d8e2552652e804ca5481d822,69d79344841fbd5d6603a625b2a8e882d7a47d18cece45004849a515251774b2,False,False,45.0,36.41556536799999,0.0,0.00023545300001615033,5.154000007223658e-06,1,1,183,10,28
80,45,102,fixed_task_route,7faa40a469f7e673d8e2552652e804ca5481d822,0d2c20efe00f972ef99a1bcd94e5f9a9dd44a9435bbf4d675f799032e2ddcbb0,False,False,45.0,37.22961522700001,0.0,0.000194196999984797,4.872000033628865e-06,1,1,16,19,10
80,45,102,full,7faa40a469f7e673d8e2552652e804ca5481d822,db639e87ad08fa5853de359187c25acdea85eeb573609deb624dbee5e806c61c,True,True,45.0,42.602970124999956,0.0,5.690877490999981,0.007286393000015323,13,2,0,101,16
80,46,100,fixed_contacts,7faa40a469f7e673d8e2552652e804ca5481d822,be2aa62247590e9c409b00e12ee57b4fe89e1c772673735c1f2c37495116b73b,False,False,45.0,36.777100321999995,0.0,0.00018448000000148568,4.128000000491738e-06,1,1,96,12,25
80,46,100,fixed_task_route,7faa40a469f7e673d8e2552652e804ca5481d822,dcf781b92b413c0265945286eaa9e0166a15341bd365ecd75efc3369fb2c4a65,False,False,45.0,36.54290375000001,0.0,0.00017414000001281238,4.732999997258958e-06,1,1,20,15,14
80,46,100,full,7faa40a469f7e673d8e2552652e804ca5481d822,59efa3c13adea622e9ea0a5f667e813d1ce2799b581ea4fc81cff2e0e99b2ba6,True,True,45.0,39.961207490999996,0.0,0.6419390650000025,0.004866120999992063,7,2,0,88,18
80,46,101,fixed_contacts,7faa40a469f7e673d8e2552652e804ca5481d822,adb9e2b5494447cf957bcd9438eabf20c925dbcdf72933299457534cf882ba6a,False,False,45.0,36.03139918599999,0.0,0.00016087699998479366,3.888999970058649e-06,1,1,105,7,28
80,46,101,fixed_task_route,7faa40a469f7e673d8e2552652e804ca5481d822,dcf781b92b413c0265945286eaa9e0166a15341bd365ecd75efc3369fb2c4a65,False,False,45.0,38.431691293,0.0,0.00017029699998261094,4.305999993903242e-06,1,1,21,15,15
80,46,101,full,7faa40a469f7e673d8e2552652e804ca5481d822,1f059d82fe4f734ba922f46ff251444047103524366084d88e3433837c076f12,False,False,45.0,46.359488312999986,1.3594883129999857,9.469212502000005,0.002689802000020336,1,1,0,75,28
80,46,102,fixed_contacts,7faa40a469f7e673d8e2552652e804ca5481d822,6d7c72349739c09091ea7a5b9c3cce4c57c3b37b268add781bab371a9a8fd328,False,False,45.0,36.993041404999985,0.0,0.0001746789999970133,4.1320000150335545e-06,1,1,104,17,25
80,46,102,fixed_task_route,7faa40a469f7e673d8e2552652e804ca5481d822,dcf781b92b413c0265945286eaa9e0166a15341bd365ecd75efc3369fb2c4a65,False,False,45.0,37.80446903500001,0.0,0.0001732709999942017,4.054000044106942e-06,1,1,26,15,15
80,46,102,full,7faa40a469f7e673d8e2552652e804ca5481d822,3b966291541594a010b256123e21b09a5e4005396b362fcc91a9bdb240fcf01c,False,False,45.0,42.72436806899998,0.0,10.534931029000006,0.002666173000022809,1,1,0,52,10
80,47,100,fixed_contacts,7faa40a469f7e673d8e2552652e804ca5481d822,ee0185c9da22d2a2f7cd99bd2091e21b8ce6b5f622524ca6c2cf6a823428e445,False,False,45.0,38.352017432,0.0,0.000133899999994469,4.316000001836073e-06,1,1,136,18,28
80,47,100,fixed_task_route,7faa40a469f7e673d8e2552652e804ca5481d822,7a4c244abd4c1ae0ae84c1e1707a7b1dcb01dffcfade64e84a24c5617ed3ad22,False,False,45.0,36.99342676699999,0.0,0.00012214199999505126,4.056000008745286e-06,1,1,69,9,43
80,47,100,full,7faa40a469f7e673d8e2552652e804ca5481d822,073cb61e8432c6c45599f877e6ad5cf4657ec7284577ab4b22eec1923734f2f4,True,True,45.0,38.293765527000005,0.0,0.5519101320000175,0.004589737999992849,6,3,0,117,23
80,47,101,fixed_contacts,7faa40a469f7e673d8e2552652e804ca5481d822,36a6c57deada4ad81ecfebc14d88234aef735bf5d585d3e37e8abc179f25b705,False,False,45.0,36.646632796999995,0.0,0.00012152100003959276,3.4349999964433664e-06,1,1,129,13,25
80,47,101,fixed_task_route,7faa40a469f7e673d8e2552652e804ca5481d822,7a4c244abd4c1ae0ae84c1e1707a7b1dcb01dffcfade64e84a24c5617ed3ad22,False,False,45.0,36.427173976999995,0.0,0.00012031899998987683,3.63600000241604e-06,1,1,75,9,40
80,47,101,full,7faa40a469f7e673d8e2552652e804ca5481d822,e81f4d58fd8c81c331d339042243de02eb90c80be3b1ff7b435a05fa47d68ae4,False,False,45.0,44.496956337,0.0,10.743512323000004,0.004392061999993757,1,1,0,111,21
80,47,102,fixed_contacts,7faa40a469f7e673d8e2552652e804ca5481d822,32fdae566c4caec480bebb2795104c17153b98400c0c0f9ce7f1c49a1cb42024,False,False,45.0,36.83938713200001,0.0,0.00012299299999085633,3.4349999964433664e-06,1,1,231,21,40
80,47,102,fixed_task_route,7faa40a469f7e673d8e2552652e804ca5481d822,7a4c244abd4c1ae0ae84c1e1707a7b1dcb01dffcfade64e84a24c5617ed3ad22,False,False,45.0,36.309945158000005,0.0,0.00011852700004055805,3.075000051921961e-06,1,1,72,9,42
80,47,102,full,7faa40a469f7e673d8e2552652e804ca5481d822,b76c2a373445e34eb1430334b1e7faf7e20e682776098f34e5b358272295092c,False,False,45.0,41.32380700800002,0.0,7.953230729999973,0.002304017999961161,1,1,0,134,25
80,48,100,fixed_contacts,7faa40a469f7e673d8e2552652e804ca5481d822,a49a5ebb86b786a10f8abae2a2822381a90ba4af54b8383a3e5d0d4ef5e9b039,True,False,45.0,37.07242194300001,0.0,10.96017260299999,0.008008858000010832,1,3,183,37,40
80,48,100,fixed_task_route,7faa40a469f7e673d8e2552652e804ca5481d822,037571dd8a72e047a61a57a244dbae528b100119133719461caf41c20f8556a0,False,False,45.0,37.009665595,0.0,0.00028152899997735403,4.859000000578817e-06,1,1,71,9,25
80,48,100,full,7faa40a469f7e673d8e2552652e804ca5481d822,c7c5eea8abd06137726c957ac77f1a6ead0a40e8a2daeff4de13657b76ea2cd3,True,True,45.0,40.416898205,0.0,1.0715448880000054,0.007559531000012498,6,3,0,73,15
80,48,101,fixed_contacts,7faa40a469f7e673d8e2552652e804ca5481d822,42f3e62efc5d6dc98f2fd5e3434cf9392d75961dec87e7e052929613ad4b2537,True,True,45.0,37.904362136,0.0,0.9819165320000138,0.00758167300000423,2,3,135,41,28
80,48,101,fixed_task_route,7faa40a469f7e673d8e2552652e804ca5481d822,037571dd8a72e047a61a57a244dbae528b100119133719461caf41c20f8556a0,False,False,45.0,36.636808228999996,0.0,0.00028277100000195787,3.9180000044325425e-06,1,1,70,11,24
80,48,101,full,7faa40a469f7e673d8e2552652e804ca5481d822,627fcd20d923838f038a4eda9eef41a8995a04b5829d5bdaeb52dc585036584e,True,True,45.0,39.722507253,0.0,0.9927046040000107,0.007659957999976541,6,3,0,83,15
80,48,102,fixed_contacts,7faa40a469f7e673d8e2552652e804ca5481d822,a566f7c13639595f14eaa54fe2dba3d3fc94ff9f14995795506a81af5a7482c1,True,True,45.0,38.03202151900001,0.0,1.0746390689999998,0.007770350000043891,2,3,176,24,38
80,48,102,fixed_task_route,7faa40a469f7e673d8e2552652e804ca5481d822,037571dd8a72e047a61a57a244dbae528b100119133719461caf41c20f8556a0,False,False,45.0,36.641426982999974,0.0,0.0002658989999986261,4.1480000163574005e-06,1,1,70,9,27
80,48,102,full,7faa40a469f7e673d8e2552652e804ca5481d822,5db176f2e164ed5187979e3f588a939dfd6a9b40bb97c8581fb31f5b542ed044,True,True,45.0,41.31312673699995,0.0,0.9377789589999566,0.006754400999966492,7,2,0,90,17
80,49,100,fixed_contacts,7faa40a469f7e673d8e2552652e804ca5481d822,2b21a16f87820ef229d148d027d4a6fdc3aee700ccd2a5fc3c66e88afdc377dc,True,True,45.0,38.886349169,0.0,0.992005163000016,0.007234041999993224,4,2,177,21,24
80,49,100,fixed_task_route,7faa40a469f7e673d8e2552652e804ca5481d822,55aec1b8ccb702f7314e04a5f9860a28cc35a01edde924ee8dc3b25ca14066c4,True,False,45.0,40.59236074200001,0.0,2.5306720909999854,0.007227415999977893,6,2,37,16,22
80,49,100,full,7faa40a469f7e673d8e2552652e804ca5481d822,fe95f90b4fe3f867f3e7e9dc390735f9642d58801918967d508f78c2e7dfd65e,False,False,45.0,47.21237707400002,2.212377074000017,16.034133800000006,0.0039690479999876516,1,1,0,42,7
80,49,101,fixed_contacts,7faa40a469f7e673d8e2552652e804ca5481d822,b43434a881db5fe64f2e4bbd6986c7c979adebf6a0c7be06d8e83b387d181b3a,True,True,45.0,39.83381376199998,0.0,0.9169099689999598,0.007028521999984605,5,2,219,26,48
80,49,101,fixed_task_route,7faa40a469f7e673d8e2552652e804ca5481d822,55aec1b8ccb702f7314e04a5f9860a28cc35a01edde924ee8dc3b25ca14066c4,True,False,45.0,40.133724056999995,0.0,2.4697479449999946,0.007636633000004167,6,2,39,16,21
80,49,101,full,7faa40a469f7e673d8e2552652e804ca5481d822,fe95f90b4fe3f867f3e7e9dc390735f9642d58801918967d508f78c2e7dfd65e,False,False,45.0,46.32122654400001,1.3212265440000124,15.922242853,0.0038383629999998448,1,1,0,42,8
80,49,102,fixed_contacts,7faa40a469f7e673d8e2552652e804ca5481d822,601954deaa2259d9035eab15eb6fa9707aa63911a4d89d7ebbeb75d0e863c936,True,False,45.0,37.757643195000014,0.0,10.983348478999972,0.007001756000022397,2,2,248,19,42
80,49,102,fixed_task_route,7faa40a469f7e673d8e2552652e804ca5481d822,55aec1b8ccb702f7314e04a5f9860a28cc35a01edde924ee8dc3b25ca14066c4,True,False,45.0,39.95365515399999,0.0,2.408487197999989,0.00705920400002924,6,2,42,16,21
80,49,102,full,7faa40a469f7e673d8e2552652e804ca5481d822,838b6800bb8e6c89e2221574059d75bf6e4cbb87c7fd2a4a363842346bcad04d,True,True,45.0,43.96896092199995,0.0,0.9421529219999911,0.007053422999945269,13,2,0,85,13
80,50,100,fixed_contacts,7faa40a469f7e673d8e2552652e804ca5481d822,1ed35c9a61fff7f391731afa6bcf838d2e0b7014279d28405c61ae685028ab4b,False,False,45.0,38.305951822,0.0,0.0002363570000056825,4.357000022991997e-06,1,1,172,11,28
80,50,100,fixed_task_route,7faa40a469f7e673d8e2552652e804ca5481d822,8dcdd009ba039e48e91a7dd898d1111a0e250e8d9c22db55595efc642d641c2f,False,False,45.0,36.59622363599999,0.0,0.00021651699998415097,5.076999997299936e-06,1,1,87,5,33
80,50,100,full,7faa40a469f7e673d8e2552652e804ca5481d822,daa798774d875c829193ac93101fe5088e829da4076b1a944c071965a0655fd4,True,True,45.0,39.956993865000015,0.0,0.6928348970000116,0.005955013000004783,7,2,0,119,24
80,50,101,fixed_contacts,7faa40a469f7e673d8e2552652e804ca5481d822,8dcdd009ba039e48e91a7dd898d1111a0e250e8d9c22db55595efc642d641c2f,False,False,45.0,36.41984992900001,0.0,0.00021566499998471045,3.815000013673853e-06,1,1,216,7,33
80,50,101,fixed_task_route,7faa40a469f7e673d8e2552652e804ca5481d822,8dcdd009ba039e48e91a7dd898d1111a0e250e8d9c22db55595efc642d641c2f,False,False,45.0,36.868139348,0.0,0.00020886499999051011,3.6359999739943305e-06,1,1,88,5,31
80,50,101,full,7faa40a469f7e673d8e2552652e804ca5481d822,4eb90acaa3d46cf1e94ec54ca8427c6b60cbf82e28b33426da41ccabd9237d2e,True,True,45.0,42.983886841000015,0.0,0.7129384349999555,0.005817835000016203,13,2,0,118,22
80,50,102,fixed_contacts,7faa40a469f7e673d8e2552652e804ca5481d822,abce41085482e2ca4cbf1bf3a197882156815b0abb74f5a545e5e3b47f97de9e,False,False,45.0,36.11536727799995,0.0,0.00021313199999895005,3.5260000004200265e-06,1,1,184,16,25
80,50,102,fixed_task_route,7faa40a469f7e673d8e2552652e804ca5481d822,8dcdd009ba039e48e91a7dd898d1111a0e250e8d9c22db55595efc642d641c2f,False,False,45.0,36.293498150999994,0.0,0.00021731800001134616,3.785999979299959e-06,1,1,91,5,30
80,50,102,full,7faa40a469f7e673d8e2552652e804ca5481d822,117b8c88c3fce3b5025b21dbe9db9e70a98a0ee733e9c16fdd755763dc9b9e6b,True,True,45.0,48.42191157899998,3.421911578999982,0.6663954869999316,0.005467436000003545,8,2,0,130,26
80,51,100,fixed_contacts,7faa40a469f7e673d8e2552652e804ca5481d822,23b49b824aeadbd814a770d33f1b2d96eda19a991d3050d8e9c3151c9422d401,False,False,45.0,38.31325051100001,0.0,0.549588669000002,5.661000017198603e-06,1,1,121,1,18
80,51,100,fixed_task_route,7faa40a469f7e673d8e2552652e804ca5481d822,47ed6486272584d842b6411bb008d71310ee55e49f8e9e9f3a61d0cdc988f00b,False,False,45.0,37.432368236,0.0,0.6131477840000059,1.2763999990283992e-05,1,1,27,11,15
80,51,100,full,7faa40a469f7e673d8e2552652e804ca5481d822,481852a6d81c1a4607d93d08c63e6a2b678946c6d9f12ae6768f7a791a8eb29c,True,True,45.0,47.13834535000001,2.1383453500000087,0.9874702679999814,0.008043237999999064,12,3,0,56,8
80,51,101,fixed_contacts,7faa40a469f7e673d8e2552652e804ca5481d822,23b49b824aeadbd814a770d33f1b2d96eda19a991d3050d8e9c3151c9422d401,False,False,45.0,37.68655843299996,0.0,0.4829857550000156,5.600999998023326e-06,1,1,120,1,18
80,51,101,fixed_task_route,7faa40a469f7e673d8e2552652e804ca5481d822,47ed6486272584d842b6411bb008d71310ee55e49f8e9e9f3a61d0cdc988f00b,False,False,45.0,37.669715451,0.0,0.551895514000023,5.12899998739158e-06,1,1,34,11,14
80,51,101,full,7faa40a469f7e673d8e2552652e804ca5481d822,eaa2fbb8aae9dd16c4ea9b3ee1b42cd186c3368bb8d327e232bcf37e6a44b6ca,True,True,45.0,48.924109269999974,3.924109269999974,1.0040756930000043,0.007915451999963352,3,2,0,40,18
80,51,102,fixed_contacts,7faa40a469f7e673d8e2552652e804ca5481d822,23b49b824aeadbd814a770d33f1b2d96eda19a991d3050d8e9c3151c9422d401,False,False,45.0,37.89076570100002,0.0,0.480177843999968,5.739999949128105e-06,1,1,118,1,16
80,51,102,fixed_task_route,7faa40a469f7e673d8e2552652e804ca5481d822,47ed6486272584d842b6411bb008d71310ee55e49f8e9e9f3a61d0cdc988f00b,False,False,45.0,37.48760866399999,0.0,0.5512387800000056,5.359999988741038e-06,1,1,28,11,16
80,51,102,full,7faa40a469f7e673d8e2552652e804ca5481d822,182f5e46b06a2bbe48d3922666bbaf9d7b7d77db33f2e5b50c0f0986589ad439,False,False,45.0,50.13605950300001,5.136059503000013,15.013335943000016,0.0037729269999999815,1,1,0,20,5
80,52,100,fixed_contacts,7faa40a469f7e673d8e2552652e804ca5481d822,21b5c512a5a49ee6bb0ab35af85eb85366f788fa3a033905b8334d58da6d606d,False,False,45.0,36.52908116199998,0.0,0.00033516400000621616,4.146999998511092e-06,1,1,123,11,19
80,52,100,fixed_task_route,7faa40a469f7e673d8e2552652e804ca5481d822,e5b96aad3d08693a2c12a28b132683b40a36a61d30e7ec9418c91f1f7e587c91,False,False,45.0,38.124414062,0.0,0.0002966630000003079,5.1490000032572425e-06,1,1,28,13,13
80,52,100,full,7faa40a469f7e673d8e2552652e804ca5481d822,3fcc99630b7942b81102b419c5394da4c6acec3b7d651beca8e9fc2fdc6d95f8,False,False,45.0,36.02422630700002,0.0,0.00029936800001451047,5.971000007320981e-06,1,1,0,37,20
80,52,101,fixed_contacts,7faa40a469f7e673d8e2552652e804ca5481d822,ded520272dc37c18e6f78af44ec48c86203a2a38c60010ce99ad861e2581fbe8,False,False,45.0,36.26274165100003,0.0,0.00032542599996077115,4.238000030909461e-06,1,1,125,6,18
80,52,101,fixed_task_route,7faa40a469f7e673d8e2552652e804ca5481d822,e5b96aad3d08693a2c12a28b132683b40a36a61d30e7ec9418c91f1f7e587c91,False,False,45.0,37.750739463,0.0,0.00030039999995779,4.337999996550934e-06,1,1,29,13,13
80,52,101,full,7faa40a469f7e673d8e2552652e804ca5481d822,34dace241afdf9710be81260d8ce7cb4c1eca8cd3f4b43500e83769fa60de2f7,True,True,45.0,44.864903561000006,0.0,1.069519750999973,0.0077770710000208965,13,2,0,57,14
80,52,102,fixed_contacts,7faa40a469f7e673d8e2552652e804ca5481d822,d56ffe905912a77138a9772eb06f89671c653349ba433efe9030419de0bb34a7,False,False,45.0,36.37141607000001,0.0,0.0003150669999740785,4.188000048088725e-06,1,1,114,4,14
80,52,102,fixed_task_route,7faa40a469f7e673d8e2552652e804ca5481d822,e5b96aad3d08693a2c12a28b132683b40a36a61d30e7ec9418c91f1f7e587c91,False,False,45.0,36.80188743100001,0.0,0.00029450900001393165,4.428000011102995e-06,1,1,31,13,12
80,52,102,full,7faa40a469f7e673d8e2552652e804ca5481d822,eb42af0839354d55808b8f2df8dea7b09e1bba48cc69270aec7bf2fbee012706,True,True,45.0,41.03054429800005,0.0,1.1021392249999735,0.008077770999989298,7,2,0,68,15
